captured_at,reg_no,ins_code,symbol,name_fa,fund_type,category,investment_type,market,is_etf,manager,website,last_price_rial,closing_price_rial,previous_price_rial,price_min_rial,price_max_rial,cancel_nav_rial,issue_nav_rial,statistical_nav_rial,nav_premium_pct,net_asset_rial,daily_return_pct,weekly_return_pct,monthly_return_pct,quarterly_return_pct,six_month_return_pct,annual_return_pct,trade_count,volume,trade_value_rial,estimated_individual_money_flow_rial,estimated_individual_buy_per_capita_rial,estimated_individual_sell_per_capita_rial,individual_buy_power_ratio,units_subscribed_day,units_redeemed_day,net_units_flow,stock_pct,bond_pct,cash_pct,deposit_pct,commodity_pct,other_pct,source_updated_at
2026-09-30T16:48:46.267Z,fundbase:آتیمس,,آتیمس,صندوق آتیمس,سهامی عادی,سهامی,,نامشخص,false,تامین سرمایه تمدن,https://app.fundbase.ir/funds/%D8%A2%D8%AA%DB%8C%D9%85%D8%B3,1046005,1046005,1016032.0543953375,,,1057665,,,-1.1024284626984904,26000000000000,2.95,,,,,,,70418,70000000000,,,,,,,,,,,,,,
2026-09-30T16:48:46.267Z,fundbase:آتیه ملت,,آتیه ملت,صندوق آتیه ملت,درآمدثابت,درآمد ثابت,ETF,نامشخص,true,تامین سرمایه بانک ملت,https://app.fundbase.ir/funds/%D8%A2%D8%AA%DB%8C%D9%87-%D9%85%D9%84%D8%AA,19833,19833,19809.22892528965,,,19914,,,-0.4067490207893987,159000000000000,0.12,,,,,,,29053344,580000000000,,,,,,,,,,,,,,
2026-09-30T16:48:46.267Z,fundbase:آذرین,,آذرین,صندوق آذرین,بخشی,بخشی,ETF,نامشخص,true,تامین سرمایه کیمیا,https://app.fundbase.ir/funds/%D8%A2%D8%B0%D8%B1%DB%8C%D9%86,45503,45503,44177.66990291262,,,45678,,,-0.3831165988002927,29000000000000,3,,,,,,,6976588,320000000000,,,,,,,,,,,,,,
2026-09-30T16:48:46.267Z,fundbase:آرام,,آرام,صندوق آرام,سهامی شاخصی,شاخصی,ETF,نامشخص,true,سبدگردان مفید,https://app.fundbase.ir/funds/%D8%A2%D8%B1%D8%A7%D9%85,48765,48765,47344.66019417476,,,48014,,,1.5641271295872006,20000000000000,3,,,,,,,6641462,320000000000,,,,,,,,,,,,,,
2026-09-30T16:48:46.267Z,fundbase:آرامش,,آرامش,صندوق آرامش,درآمدثابت,درآمد ثابت,ETF,نامشخص,true,سبدگردان پیشرفت و توسعه صبا,https://app.fundbase.ir/funds/%D8%A2%D8%B1%D8%A7%D9%85%D8%B4,20332,20332,20303.574995006988,,,20221,,,0.5489342762474703,92000000000000,0.14,,,,,,,15702460,320000000000,,,,,,,,,,,,,,
2026-09-30T16:48:46.267Z,fundbase:آرمانی,,آرمانی,صندوق آرمانی,جسورانه,جسورانه,ETF,نامشخص,true,تامین سرمایه تمدن,https://app.fundbase.ir/funds/%D8%A2%D8%B1%D9%85%D8%A7%D9%86%DB%8C,2483333,2483333,2483333,,,,,,,90000000000000,0,,,,,,,,,,,,,,,,,,,,,,
2026-09-30T16:48:46.267Z,fundbase:آس,,آس,صندوق آس,سهامی عادی,سهامی,ETF,نامشخص,true,سبد گردان الماس,https://app.fundbase.ir/funds/%D8%A2%D8%B3,19899,19899,19768.527717067358,,,20810,,,-4.3777030273906785,0,0.66,,,,,,,499221,10000000000,,,,,,,,,,,,,,
2026-09-30T16:48:46.267Z,fundbase:آسا,,آسا,صندوق آسا,درآمدثابت,درآمد ثابت,,نامشخص,true,کارگزاری بانک کارآفرین,https://app.fundbase.ir/funds/%D8%A2%D8%B3%D8%A7,11260,11260,11245.381004693898,,,11259,,,0.008881783462122428,36000000000000,0.13,,,,,,,106292441,1200000000000,,,,,,,,,,,,,,
2026-09-30T16:48:46.267Z,fundbase:آساس,,آساس,صندوق آساس,سهامی عادی,سهامی,ETF,نامشخص,true,سبد گردان آسمان,https://app.fundbase.ir/funds/%D8%A2%D8%B3%D8%A7%D8%B3,124110,124110,121414.5959694776,,,123629,,,0.38906729003713725,21000000000000,2.22,,,,,,,3675030,450000000000,,,,,,,,,,,,,,
2026-09-30T16:48:46.267Z,fundbase:آسال,,آسال,صندوق آسال,درآمدثابت,درآمد ثابت,ETF,نامشخص,true,سبدگردان آسال,https://app.fundbase.ir/funds/%D8%A2%D8%B3%D8%A7%D9%84,10938,10938,10923.799061220412,,,10893,,,0.4131093362709892,15000000000000,0.13,,,,,,,27040799,300000000000,,,,,,,,,,,,,,
2026-09-30T16:48:46.267Z,fundbase:آسام,,آسام,صندوق آسام,مختلط,مختلط,ETF,نامشخص,true,سبدگردان آرمان آتی,https://app.fundbase.ir/funds/%D8%A2%D8%B3%D8%A7%D9%85,66050,66050,65048.256844593256,,,67128,,,-1.6058872601596996,3000000000000,1.54,,,,,,,122806,10000000000,,,,,,,,,,,,,,
2026-09-30T16:48:46.267Z,fundbase:آسان,,آسان,صندوق آسان,درآمدثابت,درآمد ثابت,ETF,نامشخص,true,تامین سرمایه امید,https://app.fundbase.ir/funds/%D8%A2%D8%B3%D8%A7%D9%86,13543,13543,13518.666400479136,,,13571,,,-0.20632230491489656,101000000000000,0.18,,,,,,,19238199,260000000000,,,,,,,,,,,,,,
2026-09-30T16:48:46.267Z,fundbase:آسود,,آسود,صندوق آسود,درآمدثابت,درآمد ثابت,ETF,نامشخص,true,سبد گردان آرمان اقتصاد,https://app.fundbase.ir/funds/%D8%A2%D8%B3%D9%88%D8%AF,16618,16618,16594.767325743956,,,16600,,,0.10843373493976127,1000000000000,0.14,,,,,,,1213031,20000000000,,,,,,,,,,,,,,
2026-09-30T16:48:46.267Z,fundbase:آفاق,,آفاق,صندوق آفاق,درآمدثابت,درآمد ثابت,ETF,نامشخص,true,سبدگردان آرمان آتی,https://app.fundbase.ir/funds/%D8%A2%D9%81%D8%A7%D9%82,11955,11955,11939.478677718964,,,11959,,,-0.033447612676640315,48000000000000,0.13,,,,,,,95545407,1140000000000,,,,,,,,,,,,,,
2026-09-30T16:48:46.267Z,fundbase:آفرین,,آفرین,صندوق آفرین,مختلط,مختلط,ETF,نامشخص,true,سبدگردان سود آفرین,https://app.fundbase.ir/funds/%D8%A2%D9%81%D8%B1%DB%8C%D9%86,20745,20745,20144.688288988153,,,21577,,,-3.8559577327710093,1000000000000,2.98,,,,,,,62939,0,,,,,,,,,,,,,,
2026-09-30T16:48:46.267Z,fundbase:آکورد,,آکورد,صندوق آکورد,درآمدثابت,درآمد ثابت,ETF,نامشخص,true,سبدگردان آرمان آتی,https://app.fundbase.ir/funds/%D8%A2%DA%A9%D9%88%D8%B1%D8%AF,125500,125500,125337.06181963446,,,125617,,,-0.09314025967822603,86000000000000,0.13,,,,,,,9370252,1180000000000,,,,,,,,,,,,,,
2026-09-30T16:48:46.267Z,fundbase:آگاس,,آگاس,صندوق آگاس,سهامی عادی,سهامی,ETF,نامشخص,true,سبدگردان آگاه,https://app.fundbase.ir/funds/%D8%A2%DA%AF%D8%A7%D8%B3,552202,552202,536118.4466019417,,,553155,,,-0.17228444106985874,97000000000000,3,,,,,,,869130,480000000000,,,,,,,,,,,,,,
2026-09-30T16:48:46.267Z,fundbase:آلا,,آلا,صندوق آلا,درآمدثابت,درآمد ثابت,ETF,نامشخص,true,سبدگردان توازن بازار,https://app.fundbase.ir/funds/%D8%A2%D9%84%D8%A7,25012,25012,24982.021574111066,,,25015,,,-0.01199280431740668,37000000000000,0.12,,,,,,,2775989,70000000000,,,,,,,,,,,,,,
2026-09-30T16:48:46.267Z,fundbase:آلتون,,آلتون,صندوق آلتون,طلا,طلا,ETF,نامشخص,true,سبدگردان آسمان,https://app.fundbase.ir/funds/%D8%A2%D9%84%D8%AA%D9%88%D9%86,79988,79988,79964.01079676098,,,81095,,,-1.365065663727727,183000000000000,0.03,,,,,,,38078311,3070000000000,,,,,,,,,,,,,,
2026-09-30T16:48:46.267Z,fundbase:آلکان,,آلکان,صندوق آلکان,بخشی,بخشی,ETF,نامشخص,true,سبدگردان مهرگان,https://app.fundbase.ir/funds/%D8%A2%D9%84%DA%A9%D8%A7%D9%86,23531,23531,22845.631067961163,,,23367,,,0.7018444815337865,7000000000000,3,,,,,,,1739169,40000000000,,,,,,,,,,,,,,
2026-09-30T16:48:46.267Z,fundbase:آلیاژ,,آلیاژ,صندوق آلیاژ,بخشی,بخشی,ETF,نامشخص,true,سبدگردان آگاه,https://app.fundbase.ir/funds/%D8%A2%D9%84%DB%8C%D8%A7%DA%98,37254,37254,36168.93203883495,,,38270,,,-2.654821008622943,180000000000000,3,,,,,,,2597235,100000000000,,,,,,,,,,,,,,
2026-09-30T16:48:46.267Z,fundbase:آوا,,آوا,صندوق آوا,سهامی عادی,سهامی,ETF,نامشخص,true,مشاور سرمایه گذاری معیار,https://app.fundbase.ir/funds/%D8%A2%D9%88%D8%A7,37352,37352,36267.59879599961,,,36248,,,3.0456852791878264,8000000000000,2.99,,,,,,,12004465,440000000000,,,,,,,,,,,,,,
2026-09-30T16:48:46.267Z,fundbase:آوان,,آوان,صندوق آوان,سهامی عادی,سهامی,,نامشخص,true,سبدگردان آگاه,https://app.fundbase.ir/funds/%D8%A2%D9%88%D8%A7%D9%86,75022,75022,72836.89320388349,,,74578,,,0.5953498350720121,16000000000000,3,,,,,,,1012685,80000000000,,,,,,,,,,,,,,
2026-09-30T16:48:46.267Z,fundbase:آوند,,آوند,صندوق آوند,درآمدثابت,درآمد ثابت,ETF,نامشخص,true,سبدگردان مفید,https://app.fundbase.ir/funds/%D8%A2%D9%88%D9%86%D8%AF,30583,30583,30534.14536741214,,,30574,,,0.029436776345925786,580000000000000,0.16,,,,,,,825443738,25240000000000,,,,,,,,,,,,,,
2026-09-30T16:48:46.267Z,fundbase:آوید,,آوید,صندوق آوید,سهامی عادی,سهامی,ETF,نامشخص,true,تامین سرمایه امین,https://app.fundbase.ir/funds/%D8%A2%D9%88%DB%8C%D8%AF,20120,20120,19535.87726963783,,,19778,,,1.7291940539993833,6000000000000,2.99,,,,,,,769349,20000000000,,,,,,,,,,,,,,
2026-09-30T16:48:46.267Z,fundbase:اتوآگاه,,اتوآگاه,صندوق اتوآگاه,بخشی,بخشی,,نامشخص,false,سبدگردان آگاه,https://app.fundbase.ir/funds/%D8%A7%D8%AA%D9%88%D8%A2%DA%AF%D8%A7%D9%87,18491,18491,17952.427184466018,,,18388,,,0.5601479225581851,180000000000000,3,,,,,,,13030250,240000000000,,,,,,,,,,,,,,
2026-09-30T16:48:46.267Z,fundbase:اتوداریوش,,اتوداریوش,صندوق اتوداریوش,بخشی,بخشی,ETF,نامشخص,true,سبدگردان داریوش,https://app.fundbase.ir/funds/%D8%A7%D8%AA%D9%88%D8%AF%D8%A7%D8%B1%DB%8C%D9%88%D8%B4,17022,17022,16526.21359223301,,,16938,,,0.4959263195182473,180000000000000,3,,,,,,,24632440,420000000000,,,,,,,,,,,,,,
2026-09-30T16:48:46.267Z,fundbase:ارزش,,ارزش,صندوق ارزش,سهامی عادی,سهامی,ETF,نامشخص,true,سبد گردان اقتصاد بیدار,https://app.fundbase.ir/funds/%D8%A7%D8%B1%D8%B2%D8%B4,58144,58144,56450.4854368932,,,58509,,,-0.6238356492163644,34000000000000,3,,,,,,,13297418,770000000000,,,,,,,,,,,,,,
2026-09-30T16:48:46.267Z,fundbase:ارزش مسکن,,ارزش مسکن,صندوق ارزش مسکن,املاک,املاک,ETF,نامشخص,true,گروه مدیریت ارزش سرمایه صندوق بازنشستگی کشوری,https://app.fundbase.ir/funds/%D8%A7%D8%B1%D8%B2%D8%B4-%D9%85%D8%B3%DA%A9%D9%86,37317,37317,36230.09708737864,,,12094,,,208.55796262609562,2000000000000,3,,,,,,,11951005,450000000000,,,,,,,,,,,,,,
2026-09-30T16:48:46.267Z,fundbase:ارمغان,,ارمغان,صندوق ارمغان,درآمدثابت,درآمد ثابت,ETF,نامشخص,true,تامین سرمایه نوین,https://app.fundbase.ir/funds/%D8%A7%D8%B1%D9%85%D8%BA%D8%A7%D9%86,10188,10188,10175.789053136235,,,10213,,,-0.24478605698619038,7000000000000,0.12,,,,,,,13658696,140000000000,,,,,,,,,,,,,,
2026-09-30T16:48:46.267Z,fundbase:اصیل,,اصیل,صندوق اصیل,درآمدثابت,درآمد ثابت,ETF,نامشخص,true,سبد گردان امید نهایت نگر,https://app.fundbase.ir/funds/%D8%A7%D8%B5%DB%8C%D9%84,21827,21827,21798.661739738338,,,21865,,,-0.17379373427852673,63000000000000,0.13,,,,,,,118007036,2580000000000,,,,,,,,,,,,,,
2026-09-30T16:48:46.267Z,fundbase:اطلس,,اطلس,صندوق اطلس,سهامی عادی,سهامی,ETF,نامشخص,true,سبدگردان مفید,https://app.fundbase.ir/funds/%D8%A7%D8%B7%D9%84%D8%B3,172941,172941,167903.88349514562,,,169869,,,1.808452395669602,149000000000000,3,,,,,,,22864409,3950000000000,,,,,,,,,,,,,,
2026-09-30T16:48:46.267Z,fundbase:اطمینان,,اطمینان,صندوق اطمینان,درآمدثابت,درآمد ثابت,ETF,نامشخص,true,سبدگردان هیوا,https://app.fundbase.ir/funds/%D8%A7%D8%B7%D9%85%DB%8C%D9%86%D8%A7%D9%86,18490,18490,18464.15018973437,,,18570,,,-0.4308023694130303,9000000000000,0.14,,,,,,,23375031,430000000000,,,,,,,,,,,,,,
2026-09-30T16:48:46.267Z,fundbase:اعتبار,,اعتبار,صندوق اعتبار,درآمدثابت,درآمد ثابت,,نامشخص,false,سبدگردان اعتبار,https://app.fundbase.ir/funds/%D8%A7%D8%B9%D8%AA%D8%A8%D8%A7%D8%B1,29629,29629,29590.532307999598,,,29648,,,-0.06408526713437279,81000000000000,0.13,,,,,,,132107846,3910000000000,,,,,,,,,,,,,,
2026-09-30T16:48:46.267Z,fundbase:اعتبارسهام,,اعتبارسهام,صندوق اعتبارسهام,سهامی عادی,سهامی,ETF,نامشخص,true,سبدگردان اعتبار,https://app.fundbase.ir/funds/%D8%A7%D8%B9%D8%AA%D8%A8%D8%A7%D8%B1%D8%B3%D9%87%D8%A7%D9%85,133900,133900,130000,,,135135,,,-0.9139009139009113,10000000000000,3,,,,,,,4514090,600000000000,,,,,,,,,,,,,,
2026-09-30T16:48:46.267Z,fundbase:اعتماد,,اعتماد,صندوق اعتماد,درآمدثابت,درآمد ثابت,ETF,نامشخص,true,تامین سرمایه لوتوس پارسیان,https://app.fundbase.ir/funds/%D8%A7%D8%B9%D8%AA%D9%85%D8%A7%D8%AF,140944,140944,140761.01068610806,,,141867,,,-0.6506093735682006,387000000000000,0.13,,,,,,,94036042,13250000000000,,,,,,,,,,,,,,
2026-09-30T16:48:46.267Z,fundbase:افران,,افران,صندوق افران,درآمدثابت,درآمد ثابت,ETF,نامشخص,true,مشاور سرمایه گذاری ترنج,https://app.fundbase.ir/funds/%D8%A7%D9%81%D8%B1%D8%A7%D9%86,54452,54452,54343.31337325349,,,56040,,,-2.833690221270524,475000000000000,0.2,,,,,,,457356421,24890000000000,,,,,,,,,,,,,,
2026-09-30T16:48:46.267Z,fundbase:افق ملت,,افق ملت,صندوق افق ملت,سهامی عادی,سهامی,,نامشخص,false,تامین سرمایه بانک ملت,https://app.fundbase.ir/funds/%D8%A7%D9%81%D9%82-%D9%85%D9%84%D8%AA,709300,709300,688640.7766990291,,,703070,,,0.8861137582317546,33000000000000,3,,,,,,,7506,10000000000,,,,,,,,,,,,,,
2026-09-30T16:48:46.267Z,fundbase:اکتان,,اکتان,صندوق اکتان,بخشی,بخشی,ETF,نامشخص,true,سبدگردان مفید,https://app.fundbase.ir/funds/%D8%A7%DA%A9%D8%AA%D8%A7%D9%86,31863,31863,30934.95145631068,,,31143,,,2.3119160003853167,180000000000000,3,,,,,,,8058595,260000000000,,,,,,,,,,,,,,
2026-09-30T16:48:46.267Z,fundbase:اکستریم,,اکستریم,صندوق اکستریم,سهامی عادی,سهامی,ETF,نامشخص,true,سبدگردان دیاکو,https://app.fundbase.ir/funds/%D8%A7%DA%A9%D8%B3%D8%AA%D8%B1%DB%8C%D9%85,13855,13855,13524.990238188208,,,13864,,,-0.0649163300634692,2000000000000,2.44,,,,,,,97100,0,,,,,,,,,,,,,,
2026-09-30T16:48:46.267Z,fundbase:اکسیر,,اکسیر,صندوق اکسیر,خصوصی,جسورانه,ETF,نامشخص,true,سبد گردان ایساتیس پویا کیش,https://app.fundbase.ir/funds/%D8%A7%DA%A9%D8%B3%DB%8C%D8%B1,850000,850000,850000,,,,,,,4000000000000,0,,,,,,,0.4,,,,,,,,,,,,,,,
2026-09-30T16:48:46.267Z,fundbase:اکسیژن,,اکسیژن,صندوق اکسیژن,سهامی عادی,سهامی,ETF,نامشخص,true,سبدگردان اکسیژن,https://app.fundbase.ir/funds/%D8%A7%DA%A9%D8%B3%DB%8C%DA%98%D9%86,41767,41767,40550.4854368932,,,41266,,,1.2140745407841713,3000000000000,3,,,,,,,222379,10000000000,,,,,,,,,,,,,,
2026-09-30T16:48:46.267Z,fundbase:الماس,,الماس,صندوق الماس,سهامی عادی,سهامی,ETF,نامشخص,true,سبدگردان تدبیر,https://app.fundbase.ir/funds/%D8%A7%D9%84%D9%85%D8%A7%D8%B3,51630,51630,50126.213592233005,,,51304,,,0.6354280368002563,7000000000000,3,,,,,,,4839520,250000000000,,,,,,,,,,,,,,
2026-09-30T16:48:46.267Z,fundbase:امتیاز,,امتیاز,صندوق امتیاز,سهامی عادی,سهامی,ETF,نامشخص,true,سبد گردان انتخاب اول,https://app.fundbase.ir/funds/%D8%A7%D9%85%D8%AA%DB%8C%D8%A7%D8%B2,20687,20687,20084.466019417476,,,20923,,,-1.1279453233283943,6000000000000,3,,,,,,,24051791,500000000000,,,,,,,,,,,,,,
2026-09-30T16:48:46.267Z,fundbase:امرالد,,امرالد,صندوق امرالد,طلا,طلا,ETF,نامشخص,true,تامین سرمایه کیمیا,https://app.fundbase.ir/funds/%D8%A7%D9%85%D8%B1%D8%A7%D9%84%D8%AF,33905,33905,33810.331072995614,,,34326,,,-1.226475557886153,106000000000000,0.28,,,,,,,71501291,2440000000000,,,,,,,,,,,,,,
2026-09-30T16:48:46.267Z,fundbase:امگا,,امگا,صندوق امگا,بخشی,بخشی,ETF,نامشخص,true,سبدگردان سورنا,https://app.fundbase.ir/funds/%D8%A7%D9%85%DA%AF%D8%A7,17198,17198,17122.660294703306,,,17304,,,-0.6125751271382374,4000000000000,0.44,,,,,,,2837167,50000000000,,,,,,,,,,,,,,
2026-09-30T16:48:46.267Z,fundbase:امین شهر,,امین شهر,صندوق امین شهر,املاک,املاک,ETF,نامشخص,true,مشاور سرمایه گذاری امین نیکان آفاق,https://app.fundbase.ir/funds/%D8%A7%D9%85%DB%8C%D9%86-%D8%B4%D9%87%D8%B1,14212,14212,14176.558603491272,,,,,,,58000000000000,0.25,,,,,,,24326771,510000000000,,,,,,,,,,,,,,
2026-09-30T16:48:46.267Z,fundbase:امین یکم,,امین یکم,صندوق امین یکم,درآمدثابت,درآمد ثابت,ETF,نامشخص,true,تامین سرمایه امین,https://app.fundbase.ir/funds/%D8%A7%D9%85%DB%8C%D9%86-%DB%8C%DA%A9%D9%85,10052,10052,10038.949365824428,,,10068,,,-0.158919348430675,49000000000000,0.13,,,,,,,34941077,350000000000,,,,,,,,,,,,,,
2026-09-30T16:48:46.267Z,fundbase:انار,,انار,صندوق انار,سهامی عادی,سهامی,ETF,نامشخص,true,مشاور سرمایه گذاری ترنج,https://app.fundbase.ir/funds/%D8%A7%D9%86%D8%A7%D8%B1,40758,40758,40713.21546299071,,,41475,,,-1.7287522603978256,20000000000000,0.11,,,,,,,11646367,470000000000,,,,,,,,,,,,,,
2026-09-30T16:48:46.267Z,fundbase:اندوخته داریوش,,اندوخته داریوش,صندوق اندوخته داریوش,درآمدثابت,درآمد ثابت,ETF,نامشخص,true,سبدگردان داریوش,https://app.fundbase.ir/funds/%D8%A7%D9%86%D8%AF%D9%88%D8%AE%D8%AA%D9%87-%D8%AF%D8%A7%D8%B1%DB%8C%D9%88%D8%B4,10046,10046,10034.961542303465,,,10046,,,0,2000000000000,0.11,,,,,,,3178536,30000000000,,,,,,,,,,,,,,
2026-09-30T16:48:46.267Z,fundbase:اهرم,,اهرم,صندوق اهرم,اهرمی‌,اهرمی,ETF,نامشخص,true,سبدگردان کاریزما,https://app.fundbase.ir/funds/%D8%A7%D9%87%D8%B1%D9%85,73844,73844,71003.84615384616,,,91113,,,-18.95338755172149,442000000000000,4,,,,,,,139253577,10210000000000,,,,,,,,,,,,,,
2026-09-30T16:48:46.267Z,fundbase:اوج,,اوج,صندوق اوج,سهامی عادی,سهامی,ETF,نامشخص,true,تامین سرمایه دماوند,https://app.fundbase.ir/funds/%D8%A7%D9%88%D8%AC,51222,51222,49730.09708737864,,,51179,,,0.08401883585065217,8000000000000,3,,,,,,,132583,10000000000,,,,,,,,,,,,,,
2026-09-30T16:48:46.267Z,fundbase:اوصتا,,اوصتا,صندوق اوصتا,درآمدثابت,درآمد ثابت,,نامشخص,false,سبدگردان اندیشه صبا,https://app.fundbase.ir/funds/%D8%A7%D9%88%D8%B5%D8%AA%D8%A7,70624,70624,70532.30799960051,,,70705,,,-0.11456049784315248,152000000000000,0.13,,,,,,,44264636,3130000000000,,,,,,,,,,,,,,
2026-09-30T16:48:46.267Z,fundbase:اونیکس,,اونیکس,صندوق اونیکس,درآمدثابت,درآمد ثابت,ETF,نامشخص,true,تامین سرمایه کیمیا,https://app.fundbase.ir/funds/%D8%A7%D9%88%D9%86%DB%8C%DA%A9%D8%B3,25017,25017,24984.520123839007,,,24986,,,0.12406947890819531,233000000000000,0.13,,,,,,,186492564,4670000000000,,,,,,,,,,,,,,
2026-09-30T16:48:46.267Z,fundbase:بازبیمه,,بازبیمه,صندوق بازبیمه,بخشی,بخشی,ETF,نامشخص,true,سبدگردان بازده,https://app.fundbase.ir/funds/%D8%A8%D8%A7%D8%B2%D8%A8%DB%8C%D9%85%D9%87,30150,30150,30011.945052757317,,,30272,,,-0.40301268498943443,15000000000000,0.46,,,,,,,20457,0,,,,,,,,,,,,,,
2026-09-30T16:48:46.267Z,fundbase:بازده,,بازده,صندوق بازده,درآمدثابت,درآمد ثابت,ETF,نامشخص,true,سبدگردان بازده,https://app.fundbase.ir/funds/%D8%A8%D8%A7%D8%B2%D8%AF%D9%87,26467,26467,26406.26558914497,,,26656,,,-0.7090336134453756,1000000000000,0.23,,,,,,,726150,20000000000,,,,,,,,,,,,,,
2026-09-30T16:48:46.267Z,fundbase:بامداد,,بامداد,صندوق بامداد,جسورانه,جسورانه,ETF,نامشخص,true,سبد گردان اطلس,https://app.fundbase.ir/funds/%D8%A8%D8%A7%D9%85%D8%AF%D8%A7%D8%AF,200000,200000,200000,,,,,,,3000000000000,0,,,,,,,0.3,,,,,,,,,,,,,,,
2026-09-30T16:48:46.267Z,fundbase:بانکا,,بانکا,صندوق بانکا,بخشی,بخشی,ETF,نامشخص,true,سبدگردان آگاه,https://app.fundbase.ir/funds/%D8%A8%D8%A7%D9%86%DA%A9%D8%A7,21793,21793,21158.252427184467,,,21729,,,0.29453725436052736,180000000000000,3,,,,,,,5143217,110000000000,,,,,,,,,,,,,,
2026-09-30T16:48:46.267Z,fundbase:بانکدار,,بانکدار,صندوق بانکدار,بخشی,بخشی,ETF,نامشخص,true,سبدگردان اعتبار,https://app.fundbase.ir/funds/%D8%A8%D8%A7%D9%86%DA%A9%D8%AF%D8%A7%D8%B1,25455,25455,25029.498525073748,,,25668,,,-0.8298270219728843,4000000000000,1.7,,,,,,,226286,10000000000,,,,,,,,,,,,,,
2026-09-30T16:48:46.267Z,fundbase:بانکیا,,بانکیا,صندوق بانکیا,بخشی,بخشی,ETF,نامشخص,true,سبدگردان آروین,https://app.fundbase.ir/funds/%D8%A8%D8%A7%D9%86%DA%A9%DB%8C%D8%A7,12985,12985,12606.796116504855,,,13115,,,-0.9912314144109757,6000000000000,3,,,,,,,1884665,20000000000,,,,,,,,,,,,,,
2026-09-30T16:48:46.267Z,fundbase:بذر,,بذر,صندوق بذر,سهامی عادی,سهامی,ETF,نامشخص,true,تامین سرمایه امید,https://app.fundbase.ir/funds/%D8%A8%D8%B0%D8%B1,398673,398673,387061.16504854365,,,401373,,,-0.6726909881830667,22000000000000,3,,,,,,,59973,20000000000,,,,,,,,,,,,,,
2026-09-30T16:48:46.267Z,fundbase:برلیان,,برلیان,صندوق برلیان,سهامی عادی,سهامی,ETF,نامشخص,true,سبد گردان برلیان,https://app.fundbase.ir/funds/%D8%A8%D8%B1%D9%84%DB%8C%D8%A7%D9%86,47669,47669,46280.58252427184,,,46852,,,1.7437889524460015,4000000000000,3,,,,,,,1237290,60000000000,,,,,,,,,,,,,,
2026-09-30T16:48:46.267Z,fundbase:بزرگ,,بزرگ,صندوق بزرگ,سهامی عادی,سهامی,ETF,نامشخص,true,سبد گردان سرزمین,https://app.fundbase.ir/funds/%D8%A8%D8%B2%D8%B1%DA%AF,19000,19000,18854.81790215342,,,19943,,,-4.72847615704759,1000000000000,0.77,,,,,,,110616,0,,,,,,,,,,,,,,
2026-09-30T16:48:46.267Z,fundbase:بلوط,,بلوط,صندوق بلوط,درآمدثابت,درآمد ثابت,,نامشخص,false,سبد گردان زاگرس,https://app.fundbase.ir/funds/%D8%A8%D9%84%D9%88%D8%B7,10188,10188,10176.80551393467,,,10184,,,0.03927729772190691,2000000000000,0.11,,,,,,,375954,0,,,,,,,,,,,,,,
2026-09-30T16:48:46.267Z,fundbase:بمان,,بمان,صندوق بمان,درآمدثابت,درآمد ثابت,ETF,نامشخص,true,سبدگردان بازده,https://app.fundbase.ir/funds/%D8%A8%D9%85%D8%A7%D9%86,22344,22344,22335.065973610555,,,22334,,,0.04477478284230507,14000000000000,0.04,,,,,,,5092619,110000000000,,,,,,,,,,,,,,
2026-09-30T16:48:46.267Z,fundbase:بنکر,,بنکر,صندوق بنکر,بخشی,بخشی,ETF,نامشخص,true,سبدگردان اندیشه صبا,https://app.fundbase.ir/funds/%D8%A8%D9%86%DA%A9%D8%B1,21268,21268,20648.543689320388,,,21203,,,0.3065603923972926,180000000000000,3,,,,,,,240865,10000000000,,,,,,,,,,,,,,
2026-09-30T16:48:46.267Z,fundbase:بنکوداریوش,,بنکوداریوش,صندوق بنکوداریوش,بخشی,بخشی,ETF,نامشخص,true,null,https://app.fundbase.ir/funds/%D8%A8%D9%86%DA%A9%D9%88%D8%AF%D8%A7%D8%B1%DB%8C%D9%88%D8%B4,26661,26661,26658.334166583343,,,26006,,,2.518649542413298,180000000000000,0.01,,,,,,,8416319,220000000000,,,,,,,,,,,,,,
2026-09-30T16:48:46.267Z,fundbase:بهین رو,,بهین رو,صندوق بهین رو,بخشی,بخشی,ETF,نامشخص,true,سبدگردان ویستا,https://app.fundbase.ir/funds/%D8%A8%D9%87%DB%8C%D9%86-%D8%B1%D9%88,19273,19273,18711.650485436894,,,19166,,,0.5582802880100157,14000000000000,3,,,,,,,17724740,340000000000,,,,,,,,,,,,,,
2026-09-30T16:48:46.267Z,fundbase:بیدار,,بیدار,صندوق بیدار,اهرمی‌,اهرمی,ETF,نامشخص,true,سبد گردان اقتصاد بیدار,https://app.fundbase.ir/funds/%D8%A8%DB%8C%D8%AF%D8%A7%D8%B1,60548,60548,58219.230769230766,,,77917,,,-22.291669340452025,196000000000000,4,,,,,,,10515369,640000000000,,,,,,,,,,,,,,
2026-09-30T16:48:46.267Z,fundbase:پاسارگاد,,پاسارگاد,صندوق پاسارگاد,درآمدثابت,درآمد ثابت,,نامشخص,false,مشاور سرمایه گذاری ساتراپ پاسارگاد,https://app.fundbase.ir/funds/%D9%BE%D8%A7%D8%B3%D8%A7%D8%B1%DA%AF%D8%A7%D8%AF,17443,17443,17420.353540397482,,,17875,,,-2.4167832167832137,580000000000000,0.13,,,,,,,2281312473,39790000000000,,,,,,,,,,,,,,
2026-09-30T16:48:46.267Z,fundbase:پالایش,,پالایش,صندوق پالایش,بخشی,بخشی,ETF,نامشخص,true,تامین سرمایه نوین,https://app.fundbase.ir/funds/%D9%BE%D8%A7%D9%84%D8%A7%DB%8C%D8%B4,637556,637556,618986.4077669902,,,892873,,,-28.594996152868323,595000000000000,3,,,,,,,10626164,6760000000000,,,,,,,,,,,,,,
2026-09-30T16:48:46.267Z,fundbase:پایا,,پایا,صندوق پایا,درآمدثابت,درآمد ثابت,ETF,نامشخص,true,سبدگردان ثروت پویا,https://app.fundbase.ir/funds/%D9%BE%D8%A7%DB%8C%D8%A7,28427,28427,28392.928485817018,,,28613,,,-0.650054171180936,78000000000000,0.12,,,,,,,40154117,1140000000000,,,,,,,,,,,,,,
2026-09-30T16:48:46.267Z,fundbase:پایدار,,پایدار,صندوق پایدار,درآمدثابت,درآمد ثابت,ETF,نامشخص,true,سبدگردان رایا سهم,https://app.fundbase.ir/funds/%D9%BE%D8%A7%DB%8C%D8%AF%D8%A7%D8%B1,11039,11039,11016.966067864272,,,11018,,,0.1905972045743276,3000000000000,0.2,,,,,,,10886072,120000000000,,,,,,,,,,,,,,
2026-09-30T16:48:46.267Z,fundbase:پایش,,پایش,صندوق پایش,درآمدثابت,درآمد ثابت,ETF,نامشخص,true,سبد گردان دینا,https://app.fundbase.ir/funds/%D9%BE%D8%A7%DB%8C%D8%B4,21275,21275,21245.256640703014,,,21274,,,0.004700573469973435,43000000000000,0.14,,,,,,,30443063,650000000000,,,,,,,,,,,,,,
2026-09-30T16:48:46.267Z,fundbase:پتروآبان,,پتروآبان,صندوق پتروآبان,بخشی,بخشی,ETF,نامشخص,true,سبدگردان آبان,https://app.fundbase.ir/funds/%D9%BE%D8%AA%D8%B1%D9%88%D8%A2%D8%A8%D8%A7%D9%86,31401,31401,30486.40776699029,,,32190,,,-2.45107176141659,5000000000000,3,,,,,,,564152,20000000000,,,,,,,,,,,,,,
2026-09-30T16:48:46.267Z,fundbase:پتروآگاه,,پتروآگاه,صندوق پتروآگاه,بخشی,بخشی,ETF,نامشخص,true,سبدگردان آگاه,https://app.fundbase.ir/funds/%D9%BE%D8%AA%D8%B1%D9%88%D8%A2%DA%AF%D8%A7%D9%87,42490,42490,41252.42718446602,,,42634,,,-0.33775859642538597,18000000000000,3,,,,,,,1017999,40000000000,,,,,,,,,,,,,,
2026-09-30T16:48:46.267Z,fundbase:پتروپاداش,,پتروپاداش,صندوق پتروپاداش,بخشی,بخشی,ETF,نامشخص,true,سبدگردان پاداش سرمایه,https://app.fundbase.ir/funds/%D9%BE%D8%AA%D8%B1%D9%88%D9%BE%D8%A7%D8%AF%D8%A7%D8%B4,28365,28365,27613.901869158875,,,28398,,,-0.11620536657510616,5000000000000,2.72,,,,,,,5561174,160000000000,,,,,,,,,,,,,,
2026-09-30T16:48:46.267Z,fundbase:پتروداریوش,,پتروداریوش,صندوق پتروداریوش,بخشی,بخشی,ETF,نامشخص,true,سبدگردان داریوش,https://app.fundbase.ir/funds/%D9%BE%D8%AA%D8%B1%D9%88%D8%AF%D8%A7%D8%B1%DB%8C%D9%88%D8%B4,29389,29389,28546.86741136474,,,30360,,,-3.1982872200263524,11000000000000,2.95,,,,,,,10428755,310000000000,,,,,,,,,,,,,,
2026-09-30T16:48:46.267Z,fundbase:پتروسورین,,پتروسورین,صندوق پتروسورین,بخشی,بخشی,ETF,نامشخص,true,سبدگردان سورین,https://app.fundbase.ir/funds/%D9%BE%D8%AA%D8%B1%D9%88%D8%B3%D9%88%D8%B1%DB%8C%D9%86,13522,13522,13129.430041751626,,,13694,,,-1.2560245362932654,6000000000000,2.99,,,,,,,2304399,30000000000,,,,,,,,,,,,,,
2026-09-30T16:48:46.267Z,fundbase:پتروصبا,,پتروصبا,صندوق پتروصبا,بخشی,بخشی,ETF,نامشخص,true,سبدگردان اندیشه صبا,https://app.fundbase.ir/funds/%D9%BE%D8%AA%D8%B1%D9%88%D8%B5%D8%A8%D8%A7,37509,37509,36780.74132182781,,,37367,,,0.380014451253774,15000000000000,1.98,,,,,,,158903,10000000000,,,,,,,,,,,,,,
2026-09-30T16:48:46.267Z,fundbase:پتروفارس,,پتروفارس,صندوق پتروفارس,بخشی,بخشی,ETF,نامشخص,true,تامین سرمایه خلیج فارس,https://app.fundbase.ir/funds/%D9%BE%D8%AA%D8%B1%D9%88%D9%81%D8%A7%D8%B1%D8%B3,32760,32760,32120.79615648593,,,33880,,,-3.3057851239669422,16000000000000,1.99,,,,,,,709918,20000000000,,,,,,,,,,,,,,
2026-09-30T16:48:46.267Z,fundbase:پتروما,,پتروما,صندوق پتروما,بخشی,بخشی,ETF,نامشخص,true,تامین سرمایه دماوند,https://app.fundbase.ir/funds/%D9%BE%D8%AA%D8%B1%D9%88%D9%85%D8%A7,40515,40515,39334.95145631068,,,40742,,,-0.5571645967306416,4000000000000,3,,,,,,,7220,0,,,,,,,,,,,,,,
2026-09-30T16:48:46.267Z,fundbase:پرتو,,پرتو,صندوق پرتو,سهامی عادی,سهامی,,نامشخص,false,سبد گردان دینا,https://app.fundbase.ir/funds/%D9%BE%D8%B1%D8%AA%D9%88,49443,49443,48002.912621359224,,,49618,,,-0.352694586641944,1000000000000,3,,,,,,,15312,0,,,,,,,,,,,,,,
2026-09-30T16:48:46.267Z,fundbase:پرتوسا,,پرتوسا,صندوق پرتوسا,سهامی عادی,سهامی,ETF,نامشخص,true,سبدگردان آمال,https://app.fundbase.ir/funds/%D9%BE%D8%B1%D8%AA%D9%88%D8%B3%D8%A7,30216,30216,29335.922330097088,,,30288,,,-0.23771790808241322,17000000000000,3,,,,,,,8312477,250000000000,,,,,,,,,,,,,,
2026-09-30T16:48:46.267Z,fundbase:پلاتا,,پلاتا,صندوق پلاتا,نقره,طلا,ETF,نامشخص,true,null,https://app.fundbase.ir/funds/%D9%BE%D9%84%D8%A7%D8%AA%D8%A7,12767,12767,12706.011146496816,,,12745,,,0.17261671243624654,11000000000000,0.48,,,,,,,40742849,520000000000,,,,,,,,,,,,,,
2026-09-30T16:48:46.267Z,fundbase:پولاد,,پولاد,صندوق پولاد,بخشی,بخشی,ETF,نامشخص,true,null,https://app.fundbase.ir/funds/%D9%BE%D9%88%D9%84%D8%A7%D8%AF,31710,31710,30906.432748538013,,,31789,,,-0.2485136367926022,1000000000000,2.6,,,,,,,784496,20000000000,,,,,,,,,,,,,,
2026-09-30T16:48:46.267Z,fundbase:پویا,,پویا,صندوق پویا,جسورانه,جسورانه,ETF,نامشخص,true,سبدگردان الگوریتم,https://app.fundbase.ir/funds/%D9%BE%D9%88%DB%8C%D8%A7,422400,422400,422400,,,,,,,0,0,,,,,,,0,,,,,,,,,,,,,,,
2026-09-30T16:48:46.267Z,fundbase:پیروز,,پیروز,صندوق پیروز,سهامی عادی,سهامی,ETF,نامشخص,true,سبد گردان امید نهایت نگر,https://app.fundbase.ir/funds/%D9%BE%DB%8C%D8%B1%D9%88%D8%B2,27498,27498,26916.60140955364,,,27625,,,-0.4597285067873269,6000000000000,2.16,,,,,,,198162,10000000000,,,,,,,,,,,,,,
2026-09-30T16:48:46.267Z,fundbase:پیشران,,پیشران,صندوق پیشران,اهرمی‌,اهرمی,,نامشخص,false,تامین سرمایه لوتوس پارسیان,https://app.fundbase.ir/funds/%D9%BE%DB%8C%D8%B4%D8%B1%D8%A7%D9%86,34117,34117,32804.80769230769,,,38042,,,-10.31754376741496,25000000000000,4,,,,,,,4176064,140000000000,,,,,,,,,,,,,,
2026-09-30T16:48:46.267Z,fundbase:پیشگام,,پیشگام,صندوق پیشگام,جسورانه,جسورانه,ETF,نامشخص,true,سبدگردان الگوریتم,https://app.fundbase.ir/funds/%D9%BE%DB%8C%D8%B4%DA%AF%D8%A7%D9%85,1425870,1425870,1425870,,,,,,,3000000000000,0,,,,,,,0.3,,,,,,,,,,,,,,,
2026-09-30T16:48:46.267Z,fundbase:تابش,,تابش,صندوق تابش,طلا,طلا,ETF,نامشخص,true,تامین سرمایه تمدن,https://app.fundbase.ir/funds/%D8%AA%D8%A7%D8%A8%D8%B4,101700,101700,101416.03510171521,,,102484,,,-0.7649974630186129,222000000000000,0.28,,,,,,,10042459,1030000000000,,,,,,,,,,,,,,
2026-09-30T16:48:46.267Z,fundbase:تاراز,,تاراز,صندوق تاراز,سهامی عادی,سهامی,ETF,نامشخص,true,سبد گردان زاگرس,https://app.fundbase.ir/funds/%D8%AA%D8%A7%D8%B1%D8%A7%D8%B2,56500,56500,55637.616937469225,,,56330,,,0.30179300550328136,11000000000000,1.55,,,,,,,9005,0,,,,,,,,,,,,,,
2026-09-30T16:48:46.267Z,fundbase:تخت گاز,,تخت گاز,صندوق تخت گاز,بخشی,بخشی,ETF,نامشخص,true,مشاور سرمایه گذاری معیار,https://app.fundbase.ir/funds/%D8%AA%D8%AE%D8%AA-%DA%AF%D8%A7%D8%B2,13192,13192,12807.766990291262,,,14086,,,-6.346727246911832,6000000000000,3,,,,,,,2347921,30000000000,,,,,,,,,,,,,,
2026-09-30T16:48:46.267Z,fundbase:تداوم,,تداوم,صندوق تداوم,درآمدثابت,درآمد ثابت,ETF,نامشخص,true,تامین سرمایه تمدن,https://app.fundbase.ir/funds/%D8%AA%D8%AF%D8%A7%D9%88%D9%85,26632,26632,26594.767325743956,,,26647,,,-0.05629151499230156,338000000000000,0.14,,,,,,,560222186,14920000000000,,,,,,,,,,,,,,
2026-09-30T16:48:46.267Z,fundbase:تدبیریکم,,تدبیریکم,صندوق تدبیریکم,جسورانه,جسورانه,ETF,نامشخص,true,سرمایه گذاری راستین ارزش سپهر,https://app.fundbase.ir/funds/%D8%AA%D8%AF%D8%A8%DB%8C%D8%B1%DB%8C%DA%A9%D9%85,326700,326700,300055.1065393093,,,,,,,4000000000000,8.88,,,,,,,0.4,,,,,,,,,,,,,,,
2026-09-30T16:48:46.267Z,fundbase:تراست,,تراست,صندوق تراست,بخشی,بخشی,,نامشخص,true,null,https://app.fundbase.ir/funds/%D8%AA%D8%B1%D8%A7%D8%B3%D8%AA,9990,9990,9730.203564819325,,,9759,,,2.3670458038733466,180000000000000,2.67,,,,,,,226643,0,,,,,,,,,,,,,,
2026-09-30T16:48:46.267Z,fundbase:ترمه,,ترمه,صندوق ترمه,سهامی عادی,سهامی,ETF,نامشخص,true,سبد گردان ایساتیس پویا کیش,https://app.fundbase.ir/funds/%D8%AA%D8%B1%D9%85%D9%87,46889,46889,45523.30097087379,,,46519,,,0.7953739332315912,3000000000000,3,,,,,,,358775,20000000000,,,,,,,,,,,,,,
2026-09-30T16:48:46.267Z,fundbase:ترنج ثابت,,ترنج ثابت,صندوق ترنج ثابت,درآمدثابت,درآمد ثابت,ETF,نامشخص,true,مشاور سرمایه گذاری ترنج,https://app.fundbase.ir/funds/%D8%AA%D8%B1%D9%86%D8%AC-%D8%AB%D8%A7%D8%A8%D8%AA,10083,10083,10063.878630601856,,,10045,,,0.3782976605276156,5000000000000,0.19,,,,,,,3791712,40000000000,,,,,,,,,,,,,,
2026-09-30T16:48:46.267Z,fundbase:تصمیم,,تصمیم,صندوق تصمیم,درآمدثابت,درآمد ثابت,ETF,نامشخص,true,سبدگردان تصمیم نگار ارزش آفرینان,https://app.fundbase.ir/funds/%D8%AA%D8%B5%D9%85%DB%8C%D9%85,61234,61234,61148.39225084881,,,62429,,,-1.9141745022345336,16000000000000,0.14,,,,,,,14719473,900000000000,,,,,,,,,,,,,,
2026-09-30T16:48:46.267Z,fundbase:تکپاد,,تکپاد,صندوق تکپاد,سهامی عادی,سهامی,ETF,نامشخص,true,مشاور سرمایه گذاری ساتراپ پاسارگاد,https://app.fundbase.ir/funds/%D8%AA%DA%A9%D9%BE%D8%A7%D8%AF,33678,33678,32700.26216137489,,,33963,,,-0.839148485116159,29000000000000,2.99,,,,,,,78435869,2620000000000,,,,,,,,,,,,,,
2026-09-30T16:48:46.267Z,fundbase:تمشک,,تمشک,صندوق تمشک,فراصندوق,مختلط,ETF,نامشخص,true,مشاور سرمایه گذاری ترنج,https://app.fundbase.ir/funds/%D8%AA%D9%85%D8%B4%DA%A9,53570,53570,53097.432847655866,,,53683,,,-0.2104949425330127,29000000000000,0.89,,,,,,,24182168,1300000000000,,,,,,,,,,,,,,
2026-09-30T16:48:46.267Z,fundbase:توان,,توان,صندوق توان,اهرمی‌,اهرمی,ETF,نامشخص,true,سبدگردان مفید,https://app.fundbase.ir/funds/%D8%AA%D9%88%D8%A7%D9%86,70944,70944,68215.38461538461,,,87946,,,-19.33231755850181,199000000000000,4,,,,,,,42760810,3020000000000,,,,,,,,,,,,,,
2026-09-30T16:48:46.267Z,fundbase:توسکا,,توسکا,صندوق توسکا,درآمدثابت,درآمد ثابت,ETF,نامشخص,true,سبدگردان آتیه توکا,https://app.fundbase.ir/funds/%D8%AA%D9%88%D8%B3%DA%A9%D8%A7,24494,24494,24462.199141116547,,,24762,,,-1.0823035296018135,163000000000000,0.13,,,,,,,289778410,7100000000000,,,,,,,,,,,,,,
2026-09-30T16:48:46.267Z,fundbase:ثابت اکسیژن,,ثابت اکسیژن,صندوق ثابت اکسیژن,درآمدثابت,درآمد ثابت,ETF,نامشخص,true,سبدگردان روا,https://app.fundbase.ir/funds/%D8%AB%D8%A7%D8%A8%D8%AA-%D8%A7%DA%A9%D8%B3%DB%8C%DA%98%D9%86,19742,19742,19716.368720663137,,,19745,,,-0.01519371992909635,9000000000000,0.13,,,,,,,12266233,240000000000,,,,,,,,,,,,,,
2026-09-30T16:48:46.267Z,fundbase:ثبات,,ثبات,صندوق ثبات,درآمدثابت,درآمد ثابت,ETF,نامشخص,true,سبد گردان ویستا,https://app.fundbase.ir/funds/%D8%AB%D8%A8%D8%A7%D8%AA,37851,37851,37801.85758513932,,,37879,,,-0.07391958605031945,248000000000000,0.13,,,,,,,151984361,5750000000000,,,,,,,,,,,,,,
2026-09-30T16:48:46.267Z,fundbase:ثروت,,ثروت,صندوق ثروت,خصوصی,جسورانه,ETF,نامشخص,true,سبدگردان توسعه فیروزه,https://app.fundbase.ir/funds/%D8%AB%D8%B1%D9%88%D8%AA,1060000,1060000,1060000,,,,,,,1000000000000,0,,,,,,,0.1,,,,,,,,,,,,,,,
2026-09-30T16:48:46.267Z,fundbase:ثروت ساز,,ثروت ساز,صندوق ثروت ساز,سهامی عادی,سهامی,ETF,نامشخص,true,سبدگردان دیبا,https://app.fundbase.ir/funds/%D8%AB%D8%B1%D9%88%D8%AA-%D8%B3%D8%A7%D8%B2,30830,30830,30567.122744398177,,,32661,,,-5.606074523131566,1000000000000,0.86,,,,,,,271804,10000000000,,,,,,,,,,,,,,
2026-09-30T16:48:46.267Z,fundbase:ثروتم,,ثروتم,صندوق ثروتم,سهامی عادی,سهامی,ETF,نامشخص,true,تامین سرمایه لوتوس پارسیان,https://app.fundbase.ir/funds/%D8%AB%D8%B1%D9%88%D8%AA%D9%85,638681,638681,620078.6407766991,,,630516,,,1.2949711030330713,46000000000000,3,,,,,,,328249,210000000000,,,,,,,,,,,,,,
2026-09-30T16:48:46.267Z,fundbase:ثروین,,ثروین,صندوق ثروین,سهامی عادی,سهامی,ETF,نامشخص,true,سبدگردان موج ثروت,https://app.fundbase.ir/funds/%D8%AB%D8%B1%D9%88%DB%8C%D9%86,19580,19580,19380.382064733247,,,19717,,,-0.6948318709742884,2000000000000,1.03,,,,,,,788267,20000000000,,,,,,,,,,,,,,
2026-09-30T16:48:46.267Z,fundbase:ثمر,,ثمر,صندوق ثمر,درآمدثابت,درآمد ثابت,ETF,نامشخص,true,سبدگردان گندم,https://app.fundbase.ir/funds/%D8%AB%D9%85%D8%B1,14226,14226,14207.530210726056,,,14185,,,0.28903771589707805,92000000000000,0.13,,,,,,,347971798,4950000000000,,,,,,,,,,,,,,
2026-09-30T16:48:46.267Z,fundbase:ثمین,,ثمین,صندوق ثمین,سهامی عادی,سهامی,ETF,نامشخص,true,سبدگردان آرکا,https://app.fundbase.ir/funds/%D8%AB%D9%85%DB%8C%D9%86,85652,85652,83157.28155339806,,,86340,,,-0.796849664118604,18000000000000,3,,,,,,,202988,20000000000,,,,,,,,,,,,,,
2026-09-30T16:48:46.267Z,fundbase:ثنا,,ثنا,صندوق ثنا,سهامی عادی,سهامی,ETF,نامشخص,true,سبدگردان توازن بازار,https://app.fundbase.ir/funds/%D8%AB%D9%86%D8%A7,55780,55780,54392.97903461725,,,55309,,,0.851579308973216,1000000000000,2.55,,,,,,,518069,30000000000,,,,,,,,,,,,,,
2026-09-30T16:48:46.267Z,fundbase:ثهام,,ثهام,صندوق ثهام,سهامی عادی,سهامی,ETF,نامشخص,true,سبدگردان هامرز,https://app.fundbase.ir/funds/%D8%AB%D9%87%D8%A7%D9%85,110181,110181,106971.84466019417,,,109723,,,0.41741476262953103,4000000000000,3,,,,,,,385510,40000000000,,,,,,,,,,,,,,
2026-09-30T16:48:46.267Z,fundbase:جام سهند,,جام سهند,صندوق جام سهند,سهامی عادی,سهامی,,نامشخص,true,سبد گردان سهند,https://app.fundbase.ir/funds/%D8%AC%D8%A7%D9%85-%D8%B3%D9%87%D9%86%D8%AF,17320,17320,17192.77347627556,,,17866,,,-3.056084182245611,3000000000000,0.74,,,,,,,390300,10000000000,,,,,,,,,,,,,,
2026-09-30T16:48:46.267Z,fundbase:جام طلا,,جام طلا,صندوق جام طلا,طلا,طلا,ETF,نامشخص,true,سبدگردان فارابی,https://app.fundbase.ir/funds/%D8%AC%D8%A7%D9%85-%D8%B7%D9%84%D8%A7,22760,22760,22732.720735117855,,,22933,,,-0.754371429817291,97000000000000,0.12,,,,,,,257224495,5910000000000,,,,,,,,,,,,,,
2026-09-30T16:48:46.267Z,fundbase:جهش,,جهش,صندوق جهش,اهرمی‌,اهرمی,ETF,نامشخص,true,سبدگردان فارابی,https://app.fundbase.ir/funds/%D8%AC%D9%87%D8%B4,42253,42253,40627.88461538462,,,53020,,,-20.307431158053568,140000000000000,4,,,,,,,62926222,2650000000000,,,,,,,,,,,,,,
2026-09-30T16:48:46.267Z,fundbase:جوانه کوچک,,جوانه کوچک,صندوق جوانه کوچک,سهامی عادی,سهامی,ETF,نامشخص,true,سبدگردان گندم,https://app.fundbase.ir/funds/%D8%AC%D9%88%D8%A7%D9%86%D9%87-%DA%A9%D9%88%DA%86%DA%A9,33079,33079,32115.533980582524,,,33226,,,-0.4424246072352922,18000000000000,3,,,,,,,3505449,120000000000,,,,,,,,,,,,,,
2026-09-30T16:48:46.267Z,fundbase:جواهر,,جواهر,صندوق جواهر,طلا,طلا,ETF,نامشخص,true,سبد گردان زاگرس,https://app.fundbase.ir/funds/%D8%AC%D9%88%D8%A7%D9%87%D8%B1,93784,93784,93252.46097245699,,,94435,,,-0.689363053952452,270000000000000,0.57,,,,,,,19816619,1870000000000,,,,,,,,,,,,,,
2026-09-30T16:48:46.267Z,fundbase:چاشنی,,چاشنی,صندوق چاشنی,بخشی,بخشی,ETF,نامشخص,true,سبد گردان ویستا,https://app.fundbase.ir/funds/%DA%86%D8%A7%D8%B4%D9%86%DB%8C,22214,22214,21566.990291262136,,,22093,,,0.5476847870366175,180000000000000,3,,,,,,,4721665,100000000000,,,,,,,,,,,,,,
2026-09-30T16:48:46.267Z,fundbase:چتر,,چتر,صندوق چتر,بخشی,بخشی,ETF,نامشخص,true,سبدگردان توسعه فیروزه,https://app.fundbase.ir/funds/%DA%86%D8%AA%D8%B1,19873,19873,19294.17475728155,,,20771,,,-4.323335419575369,5000000000000,3,,,,,,,561082,10000000000,,,,,,,,,,,,,,
2026-09-30T16:48:46.267Z,fundbase:خاتم,,خاتم,صندوق خاتم,درآمدثابت,درآمد ثابت,ETF,نامشخص,true,سبد گردان ایساتیس پویا کیش,https://app.fundbase.ir/funds/%D8%AE%D8%A7%D8%AA%D9%85,42182,42182,42127.234595026464,,,42177,,,0.0118548023804399,25000000000000,0.13,,,,,,,23521509,990000000000,,,,,,,,,,,,,,
2026-09-30T16:48:46.267Z,fundbase:خبرگان,,خبرگان,صندوق خبرگان,سهامی عادی,سهامی,ETF,نامشخص,true,سهامی خاص سبدگردان هامرز,https://app.fundbase.ir/funds/%D8%AE%D8%A8%D8%B1%DA%AF%D8%A7%D9%86,67950,67950,65970.87378640777,,,68283,,,-0.4876762883880281,13000000000000,3,,,,,,,1156674,80000000000,,,,,,,,,,,,,,
2026-09-30T16:48:46.267Z,fundbase:خزانه ملت,,خزانه ملت,صندوق خزانه ملت,درآمدثابت,درآمد ثابت,ETF,نامشخص,true,تامین سرمایه بانک ملت,https://app.fundbase.ir/funds/%D8%AE%D8%B2%D8%A7%D9%86%D9%87-%D9%85%D9%84%D8%AA,18292,18292,18271.9009090001,,,18292,,,0,18000000000000,0.11,,,,,,,2453769,40000000000,,,,,,,,,,,,,,
2026-09-30T16:48:46.267Z,fundbase:خلیج,,خلیج,صندوق خلیج,سهامی عادی,سهامی,ETF,نامشخص,true,تامین سرمایه خلیج فارس,https://app.fundbase.ir/funds/%D8%AE%D9%84%DB%8C%D8%AC,39203,39203,39156.01278465841,,,41315,,,-5.111944814232117,13000000000000,0.12,,,,,,,2931567,120000000000,,,,,,,,,,,,,,
2026-09-30T16:48:46.267Z,fundbase:خودران,,خودران,صندوق خودران,بخشی,بخشی,ETF,نامشخص,true,سبدگردان مفید,https://app.fundbase.ir/funds/%D8%AE%D9%88%D8%AF%D8%B1%D8%A7%D9%86,16329,16329,15853.398058252427,,,16279,,,0.307144173475038,180000000000000,3,,,,,,,63183583,1030000000000,,,,,,,,,,,,,,
2026-09-30T16:48:46.267Z,fundbase:خورشید,,خورشید,صندوق خورشید,درآمدثابت,درآمد ثابت,ETF,نامشخص,true,سبدگردان تدبیر,https://app.fundbase.ir/funds/%D8%AE%D9%88%D8%B1%D8%B4%DB%8C%D8%AF,24438,24438,24406.27184659942,,,24437,,,0.004092155338208947,28000000000000,0.13,,,,,,,8317096,200000000000,,,,,,,,,,,,,,
2026-09-30T16:48:46.267Z,fundbase:خوشه,,خوشه,صندوق خوشه,فراصندوق,مختلط,,نامشخص,true,سبدگردان نوویرا,https://app.fundbase.ir/funds/%D8%AE%D9%88%D8%B4%D9%87,33531,33531,33467.41191735702,,,33431,,,0.29912356794592476,24000000000000,0.19,,,,,,,17121451,580000000000,,,,,,,,,,,,,,
2026-09-30T16:48:46.267Z,fundbase:دارا,,دارا,صندوق دارا,درآمدثابت,درآمد ثابت,ETF,نامشخص,true,سبدگردان الگوریتم,https://app.fundbase.ir/funds/%D8%AF%D8%A7%D8%B1%D8%A7,25651,25651,25610.02396166134,,,25899,,,-0.9575659291864547,57000000000000,0.16,,,,,,,35689446,920000000000,,,,,,,,,,,,,,
2026-09-30T16:48:46.267Z,fundbase:دارا یکم,,دارا یکم,صندوق دارا یکم,بخشی,بخشی,ETF,نامشخص,true,تامین سرمایه بانک مسکن,https://app.fundbase.ir/funds/%D8%AF%D8%A7%D8%B1%D8%A7-%DB%8C%DA%A9%D9%85,555764,555764,539576.6990291262,,,860498,,,-35.41367905561663,413000000000000,3,,,,,,,17829344,9820000000000,,,,,,,,,,,,,,
2026-09-30T16:48:46.267Z,fundbase:دارونو,,دارونو,صندوق دارونو,بخشی,بخشی,ETF,نامشخص,true,سبدگردان مفید,https://app.fundbase.ir/funds/%D8%AF%D8%A7%D8%B1%D9%88%D9%86%D9%88,43452,43452,42186.40776699029,,,41171,,,5.540307497996166,180000000000000,3,,,,,,,59550463,2580000000000,,,,,,,,,,,,,,
2026-09-30T16:48:46.267Z,fundbase:داریک,,داریک,صندوق داریک,درآمدثابت,درآمد ثابت,ETF,نامشخص,true,سبدگردان داریک پارس,https://app.fundbase.ir/funds/%D8%AF%D8%A7%D8%B1%DB%8C%DA%A9,41369,41369,41315.290122840306,,,41125,,,0.5933130699088185,66000000000000,0.13,,,,,,,75331779,3120000000000,,,,,,,,,,,,,,
2026-09-30T16:48:46.267Z,fundbase:داریوش,,داریوش,صندوق داریوش,سهامی عادی,سهامی,ETF,نامشخص,true,سبدگردان داریوش,https://app.fundbase.ir/funds/%D8%AF%D8%A7%D8%B1%DB%8C%D9%88%D8%B4,53000,53000,52631.57894736843,,,52544,,,0.8678440925700359,37000000000000,0.7,,,,,,,1096030,60000000000,,,,,,,,,,,,,,
2026-09-30T16:48:46.267Z,fundbase:دامون,,دامون,صندوق دامون,درآمدثابت,درآمد ثابت,ETF,نامشخص,true,سبد گردان آسمان,https://app.fundbase.ir/funds/%D8%AF%D8%A7%D9%85%D9%88%D9%86,21916,21916,21887.54618995306,,,21917,,,-0.004562668248386803,101000000000000,0.13,,,,,,,191150850,4190000000000,,,,,,,,,,,,,,
2026-09-30T16:48:46.267Z,fundbase:دانیک,,دانیک,صندوق دانیک,املاک,املاک,ETF,نامشخص,true,گروه مالی دانایان,https://app.fundbase.ir/funds/%D8%AF%D8%A7%D9%86%DB%8C%DA%A9,15085,15085,14645.631067961165,,,21654,,,-30.336196545672856,2000000000000,3,,,,,,,8814280,130000000000,,,,,,,,,,,,,,
2026-09-30T16:48:46.267Z,fundbase:درخشان,,درخشان,صندوق درخشان,طلا,طلا,ETF,نامشخص,true,سبدگردان آبان,https://app.fundbase.ir/funds/%D8%AF%D8%B1%D8%AE%D8%B4%D8%A7%D9%86,45501,45501,45315.20764864057,,,46461,,,-2.06624911215858,188000000000000,0.41,,,,,,,136090345,6240000000000,,,,,,,,,,,,,,
2026-09-30T16:48:46.267Z,fundbase:درسا,,درسا,صندوق درسا,سهامی عادی,سهامی,ETF,نامشخص,true,سبد گردان کارا,https://app.fundbase.ir/funds/%D8%AF%D8%B1%D8%B3%D8%A7,56767,56767,55113.59223300971,,,60338,,,-5.918326759256187,1000000000000,3,,,,,,,26249,0,,,,,,,,,,,,,,
2026-09-30T16:48:46.267Z,fundbase:درنا,,درنا,صندوق درنا,طلا,طلا,ETF,نامشخص,true,سبدگردان آرکا,https://app.fundbase.ir/funds/%D8%AF%D8%B1%D9%86%D8%A7,28602,28602,28522.138013562027,,,28968,,,-1.263463131731568,19000000000000,0.28,,,,,,,12287336,350000000000,,,,,,,,,,,,,,
2026-09-30T16:48:46.267Z,fundbase:دریا,,دریا,صندوق دریا,سهامی عادی,سهامی,ETF,نامشخص,true,سبدگردان توسعه فیروزه,https://app.fundbase.ir/funds/%D8%AF%D8%B1%DB%8C%D8%A7,48411,48411,47267.13532513181,,,47930,,,1.0035468391404123,8000000000000,2.42,,,,,,,90590,0,,,,,,,,,,,,,,
2026-09-30T16:48:46.267Z,fundbase:دفینه,,دفینه,صندوق دفینه,طلا,طلا,ETF,نامشخص,true,سبدگردان سینا,https://app.fundbase.ir/funds/%D8%AF%D9%81%DB%8C%D9%86%D9%87,15951,15951,15338.97490143283,,,15854,,,0.6118329759051244,15000000000000,3.99,,,,,,,45171515,720000000000,,,,,,,,,,,,,,
2026-09-30T16:48:46.267Z,fundbase:دلتا,,دلتا,صندوق دلتا,بخشی,بخشی,ETF,نامشخص,true,null,https://app.fundbase.ir/funds/%D8%AF%D9%84%D8%AA%D8%A7,15222,15222,15108.684863523573,,,15276,,,-0.353495679497251,3000000000000,0.75,,,,,,,493935,10000000000,,,,,,,,,,,,,,
2026-09-30T16:48:46.267Z,fundbase:دوام,,دوام,صندوق دوام,درآمدثابت,درآمد ثابت,ETF,نامشخص,true,null,https://app.fundbase.ir/funds/%D8%AF%D9%88%D8%A7%D9%85,29754,29754,29715.37001897533,,,29680,,,0.24932614555255306,180000000000000,0.13,,,,,,,4376310,130000000000,,,,,,,,,,,,,,
2026-09-30T16:48:46.267Z,fundbase:دوایکس,,دوایکس,صندوق دوایکس,اهرمی‌,اهرمی,ETF,نامشخص,true,مشاور سرمایه گذاری پرتو آفتاب کیان,https://app.fundbase.ir/funds/%D8%AF%D9%88%D8%A7%DB%8C%DA%A9%D8%B3,37205,37205,35774.03846153846,,,37360,,,-0.4148822269807284,72000000000000,4,,,,,,,27428741,1020000000000,,,,,,,,,,,,,,
2026-09-30T16:48:46.267Z,fundbase:دیار,,دیار,صندوق دیار,سهامی عادی,سهامی,ETF,نامشخص,true,سبدگردان مایا,https://app.fundbase.ir/funds/%D8%AF%DB%8C%D8%A7%D8%B1,22800,22800,22269.974604414925,,,23246,,,-1.918609653273684,2000000000000,2.38,,,,,,,818712,20000000000,,,,,,,,,,,,,,
2026-09-30T16:48:46.267Z,fundbase:دیبا,,دیبا,صندوق دیبا,درآمدثابت,درآمد ثابت,ETF,نامشخص,true,سبدگردان اندیشه صبا,https://app.fundbase.ir/funds/%D8%AF%DB%8C%D8%A8%D8%A7,26421,26421,26389.33280063923,,,25958,,,1.7836505123661306,12000000000000,0.12,,,,,,,3511359,90000000000,,,,,,,,,,,,,,
2026-09-30T16:48:46.267Z,fundbase:دیوان,,دیوان,صندوق دیوان,خصوصی,جسورانه,ETF,نامشخص,true,سبدگردان کیهان ارزش,https://app.fundbase.ir/funds/%D8%AF%DB%8C%D9%88%D8%A7%D9%86,600000,600000,600000,,,626293,,,-4.198194774650199,3000000000000,0,,,,,,,0.3,,,,,,,,,,,,,,,
2026-09-30T16:48:46.267Z,fundbase:رابین,,رابین,صندوق رابین,درآمدثابت,درآمد ثابت,ETF,نامشخص,true,سبدگردان هوشمند رابین,https://app.fundbase.ir/funds/%D8%B1%D8%A7%D8%A8%DB%8C%D9%86,28264,28264,28230.123851378343,,,28184,,,0.28384899233606653,25000000000000,0.12,,,,,,,38357504,1080000000000,,,,,,,,,,,,,,
2026-09-30T16:48:46.267Z,fundbase:رادان,,رادان,صندوق رادان,سهامی عادی,سهامی,,نامشخص,true,سبدگردان راد,https://app.fundbase.ir/funds/%D8%B1%D8%A7%D8%AF%D8%A7%D9%86,21440,21440,21031.97959584069,,,21476,,,-0.16762898118830583,5000000000000,1.94,,,,,,,2177692,50000000000,,,,,,,,,,,,,,
2026-09-30T16:48:46.267Z,fundbase:راهکار,,راهکار,صندوق راهکار,خصوصی,جسورانه,,نامشخص,false,مشاور سرمایه گذاری فراز ایده نوآفرین تک,https://app.fundbase.ir/funds/%D8%B1%D8%A7%D9%87%DA%A9%D8%A7%D8%B1,517189,517189,470171.8181818181,,,,,,,90000000000000,10,,,,,,,10000,10000000000,,,,,,,,,,,,,,
2026-09-30T16:48:46.267Z,fundbase:رایبد,,رایبد,صندوق رایبد,درآمدثابت,درآمد ثابت,ETF,نامشخص,true,سبدگردان رایبد,https://app.fundbase.ir/funds/%D8%B1%D8%A7%DB%8C%D8%A8%D8%AF,12770,12770,12755.968434721804,,,12715,,,0.4325599685411019,9000000000000,0.11,,,,,,,15821961,200000000000,,,,,,,,,,,,,,
2026-09-30T16:48:46.267Z,fundbase:رایکا,,رایکا,صندوق رایکا,درآمدثابت,درآمد ثابت,ETF,نامشخص,true,سبد گردان کارا,https://app.fundbase.ir/funds/%D8%B1%D8%A7%DB%8C%DA%A9%D8%A7,27842,27842,27805.85239189054,,,27923,,,-0.29008344375603956,2000000000000,0.13,,,,,,,705881,20000000000,,,,,,,,,,,,,,
2026-09-30T16:48:46.267Z,fundbase:رخش,,رخش,صندوق رخش,سهامی عادی,سهامی,ETF,نامشخص,true,سبدگردان البرز,https://app.fundbase.ir/funds/%D8%B1%D8%AE%D8%B4,38000,38000,37871.237791508865,,,38594,,,-1.5390993418666121,0,0.34,,,,,,,64287,0,,,,,,,,,,,,,,
2026-09-30T16:48:46.267Z,fundbase:رز ترنج,,رز ترنج,صندوق رز ترنج,طلا,طلا,ETF,نامشخص,true,مشاور سرمایه گذاری ترنج,https://app.fundbase.ir/funds/%D8%B1%D8%B2-%D8%AA%D8%B1%D9%86%D8%AC,31465,31465,31458.70825834833,,,31798,,,-1.047235675199698,174000000000000,0.02,,,,,,,286803922,9070000000000,,,,,,,,,,,,,,
2026-09-30T16:48:46.267Z,fundbase:رزگلد,,رزگلد,صندوق رزگلد,طلا,طلا,ETF,نامشخص,true,سبدگردان آرمان آتی,https://app.fundbase.ir/funds/%D8%B1%D8%B2%DA%AF%D9%84%D8%AF,23299,23299,22690.884300740167,,,23407,,,-0.4614004357670787,34000000000000,2.68,,,,,,,97062043,2260000000000,,,,,,,,,,,,,,
2026-09-30T16:48:46.267Z,fundbase:رسانا,,رسانا,صندوق رسانا,بخشی,بخشی,ETF,نامشخص,true,سبدگردان توسعه فیروزه,https://app.fundbase.ir/funds/%D8%B1%D8%B3%D8%A7%D9%86%D8%A7,27317,27317,26591.063954054316,,,26898,,,1.5577366346940291,13000000000000,2.73,,,,,,,1493748,40000000000,,,,,,,,,,,,,,
2026-09-30T16:48:46.267Z,fundbase:رشد,,رشد,صندوق رشد,درآمدثابت,درآمد ثابت,ETF,نامشخص,true,سبدگردان آبان,https://app.fundbase.ir/funds/%D8%B1%D8%B4%D8%AF,22257,22257,22228.103465494856,,,22257,,,0,105000000000000,0.13,,,,,,,157812589,3510000000000,,,,,,,,,,,,,,
2026-09-30T16:48:46.267Z,fundbase:رهنو,,رهنو,صندوق رهنو,سهامی عادی,سهامی,,نامشخص,true,null,https://app.fundbase.ir/funds/%D8%B1%D9%87%D9%86%D9%88,10499,10499,10000,,,10153,,,3.407859745887909,180000000000000,4.99,,,,,,,16185882,170000000000,,,,,,,,,,,,,,
2026-09-30T16:48:46.267Z,fundbase:رونق,,رونق,صندوق رونق,سهامی عادی,سهامی,ETF,نامشخص,true,سبدگردان کسرا,https://app.fundbase.ir/funds/%D8%B1%D9%88%D9%86%D9%82,22479,22479,21830.63028066427,,,23354,,,-3.7466815106619866,1000000000000,2.97,,,,,,,725695,20000000000,,,,,,,,,,,,,,
2026-09-30T16:48:46.267Z,fundbase:رویش,,رویش,صندوق رویش,جسورانه,جسورانه,,نامشخص,false,تامین سرمایه لوتوس پارسیان,https://app.fundbase.ir/funds/%D8%B1%D9%88%DB%8C%D8%B4,2479653,2479653,2479653,,,,,,,1000000000000,0,,,,,,,0.1,,,,,,,,,,,,,,,
2026-09-30T16:48:46.267Z,fundbase:رویش همراه,,رویش همراه,صندوق رویش همراه,سهامی عادی,سهامی,ETF,نامشخص,true,سبدگردان همراه,https://app.fundbase.ir/funds/%D8%B1%D9%88%DB%8C%D8%B4-%D9%87%D9%85%D8%B1%D8%A7%D9%87,29999,29999,29315.938629922795,,,30652,,,-2.130366697116015,1000000000000,2.33,,,,,,,13931,0,,,,,,,,,,,,,,
2026-09-30T16:48:46.267Z,fundbase:رویین,,رویین,صندوق رویین,بخشی,بخشی,ETF,نامشخص,true,سبدگردان سورنا,https://app.fundbase.ir/funds/%D8%B1%D9%88%DB%8C%DB%8C%D9%86,34792,34792,33778.64077669903,,,35029,,,-0.6765822604128058,180000000000000,3,,,,,,,11058774,380000000000,,,,,,,,,,,,,,
2026-09-30T16:48:46.267Z,fundbase:ریتون,,ریتون,صندوق ریتون,طلا,طلا,ETF,نامشخص,true,مشاور سرمایه گذاری ساتراپ پاسارگاد,https://app.fundbase.ir/funds/%D8%B1%DB%8C%D8%AA%D9%88%D9%86,24179,24179,24006.1556791104,,,24472,,,-1.1972866949983674,153000000000000,0.72,,,,,,,198342323,4790000000000,,,,,,,,,,,,,,
2026-09-30T16:48:46.267Z,fundbase:زر,,زر,صندوق زر,طلا,طلا,ETF,نامشخص,true,تامین سرمایه امید,https://app.fundbase.ir/funds/%D8%B2%D8%B1,1078039,1078039,1075136.1324424057,,,1098946,,,-1.9024592655144112,179000000000000,0.27,,,,,,,2166910,2350000000000,,,,,,,,,,,,,,
2026-09-30T16:48:46.267Z,fundbase:زرفام,,زرفام,صندوق زرفام,طلا,طلا,ETF,نامشخص,true,سبدگردان آشنا,https://app.fundbase.ir/funds/%D8%B2%D8%B1%D9%81%D8%A7%D9%85,183450,183450,182500.9948269001,,,187794,,,-2.313172944822517,114000000000000,0.52,,,,,,,8006640,1480000000000,,,,,,,,,,,,,,
2026-09-30T16:48:46.267Z,fundbase:زرگر,,زرگر,صندوق زرگر,طلا,طلا,ETF,نامشخص,true,سبدگردان کارآمد,https://app.fundbase.ir/funds/%D8%B2%D8%B1%DA%AF%D8%B1,25340,25340,25201.392342118346,,,25875,,,-2.067632850241541,81000000000000,0.55,,,,,,,22826242,580000000000,,,,,,,,,,,,,,
2026-09-30T16:48:46.267Z,fundbase:زروان,,زروان,صندوق زروان,طلا,طلا,ETF,نامشخص,true,سبد گردان ویستا,https://app.fundbase.ir/funds/%D8%B2%D8%B1%D9%88%D8%A7%D9%86,48037,48037,47285.16586278177,,,47778,,,0.5420905019046351,195000000000000,1.59,,,,,,,82561903,3950000000000,,,,,,,,,,,,,,
2026-09-30T16:48:46.267Z,fundbase:زریران,,زریران,صندوق زریران,طلا,طلا,ETF,نامشخص,true,سبدگردان داریوش,https://app.fundbase.ir/funds/%D8%B2%D8%B1%DB%8C%D8%B1%D8%A7%D9%86,13685,13685,13625.04978096376,,,13691,,,-0.0438244101964802,17000000000000,0.44,,,,,,,6474677,90000000000,,,,,,,,,,,,,,
2026-09-30T16:48:46.267Z,fundbase:زرین,,زرین,صندوق زرین,سهامی عادی,سهامی,ETF,نامشخص,true,سبدگردان کوروش,https://app.fundbase.ir/funds/%D8%B2%D8%B1%DB%8C%D9%86,72348,72348,70240.77669902913,,,71673,,,0.9417772382905643,7000000000000,3,,,,,,,21421216,1550000000000,,,,,,,,,,,,,,
2026-09-30T16:48:46.267Z,fundbase:زمرد,,زمرد,صندوق زمرد,طلا,طلا,,نامشخص,false,سبد گردان اقتصاد بیدار,https://app.fundbase.ir/funds/%D8%B2%D9%85%D8%B1%D8%AF,32958,32958,32397.522854615156,,,33041,,,-0.25120305075512217,120000000000000,1.73,,,,,,,85800468,2820000000000,,,,,,,,,,,,,,
2026-09-30T16:48:46.267Z,fundbase:زمرد کوروش,,زمرد کوروش,صندوق زمرد کوروش,درآمدثابت,درآمد ثابت,ETF,نامشخص,true,سبدگردان کوروش,https://app.fundbase.ir/funds/%D8%B2%D9%85%D8%B1%D8%AF-%DA%A9%D9%88%D8%B1%D9%88%D8%B4,18089,18089,18054.696077452838,,,18075,,,0.07745504840941386,84000000000000,0.19,,,,,,,100801415,1820000000000,,,,,,,,,,,,,,
2026-09-30T16:48:46.267Z,fundbase:زیتون,,زیتون,صندوق زیتون,مختلط,مختلط,ETF,نامشخص,true,مشاور سرمایه گذاری ترنج,https://app.fundbase.ir/funds/%D8%B2%DB%8C%D8%AA%D9%88%D9%86,44290,44290,44113.545816733065,,,45011,,,-1.6018306636155555,90000000000000,0.4,,,,,,,17985562,800000000000,,,,,,,,,,,,,,
2026-09-30T16:48:46.267Z,fundbase:ساحل,,ساحل,صندوق ساحل,درآمدثابت,درآمد ثابت,ETF,نامشخص,true,تامین سرمایه خلیج فارس,https://app.fundbase.ir/funds/%D8%B3%D8%A7%D8%AD%D9%84,30702,30702,30649.895178197065,,,30991,,,-0.9325287986834851,114000000000000,0.17,,,,,,,124309266,3820000000000,,,,,,,,,,,,,,
2026-09-30T16:48:46.267Z,fundbase:سافرون,,سافرون,صندوق سافرون,کالایی,طلا,ETF,نامشخص,true,سبدگردان تدبیر,https://app.fundbase.ir/funds/%D8%B3%D8%A7%D9%81%D8%B1%D9%88%D9%86,82450,82450,81159.56294910917,,,74251,,,11.042275524908751,15000000000000,1.59,,,,,,,12034465,1010000000000,,,,,,,,,,,,,,
2026-09-30T16:48:46.267Z,fundbase:سام,,سام,صندوق سام,درآمدثابت,درآمد ثابت,ETF,نامشخص,true,سبد گردان سورنا,https://app.fundbase.ir/funds/%D8%B3%D8%A7%D9%85,21907,21907,21878.557874762806,,,22036,,,-0.5854056997640189,67000000000000,0.13,,,,,,,84519522,1850000000000,,,,,,,,,,,,,,
2026-09-30T16:48:46.267Z,fundbase:سبزآبنوس,,سبزآبنوس,صندوق سبزآبنوس,سهامی عادی,سهامی,,نامشخص,false,سبدگردان آبنوس,https://app.fundbase.ir/funds/%D8%B3%D8%A8%D8%B2%D8%A2%D8%A8%D9%86%D9%88%D8%B3,12294,12294,11935.922330097088,,,12157,,,1.126922760549487,2000000000000,3,,,,,,,1191232,10000000000,,,,,,,,,,,,,,
2026-09-30T16:48:46.267Z,fundbase:سپر,,سپر,صندوق سپر,درآمدثابت,درآمد ثابت,ETF,نامشخص,true,سبد گردان اقتصاد بیدار,https://app.fundbase.ir/funds/%D8%B3%D9%BE%D8%B1,47325,47325,47268.27806632041,,,47285,,,0.08459342286137872,649000000000000,0.12,,,,,,,375071919,17760000000000,,,,,,,,,,,,,,
2026-09-30T16:48:46.267Z,fundbase:سپنتارود,,سپنتارود,صندوق سپنتارود,درآمدثابت,درآمد ثابت,ETF,نامشخص,true,سبدگردان سپینود,https://app.fundbase.ir/funds/%D8%B3%D9%BE%D9%86%D8%AA%D8%A7%D8%B1%D9%88%D8%AF,17272,17272,17249.57555178268,,,17606,,,-1.8970805407247493,3000000000000,0.13,,,,,,,4048507,70000000000,,,,,,,,,,,,,,
2026-09-30T16:48:46.267Z,fundbase:سپینود,,سپینود,صندوق سپینود,سهامی عادی,سهامی,ETF,نامشخص,true,سبدگردان سپینود,https://app.fundbase.ir/funds/%D8%B3%D9%BE%DB%8C%D9%86%D9%88%D8%AF,31589,31589,30749.537622894964,,,27179,,,16.22576253725303,1000000000000,2.73,,,,,,,3934,0,,,,,,,,,,,,,,
2026-09-30T16:48:46.267Z,fundbase:ستاره,,ستاره,صندوق ستاره,درآمدثابت,درآمد ثابت,ETF,نامشخص,true,تامین سرمایه سپهر,https://app.fundbase.ir/funds/%D8%B3%D8%AA%D8%A7%D8%B1%D9%87,21991,21991,21964.642429085096,,,21984,,,0.03184133915574705,111000000000000,0.12,,,,,,,119087701,2620000000000,,,,,,,,,,,,,,
2026-09-30T16:48:46.267Z,fundbase:سخند,,سخند,صندوق سخند,درآمدثابت,درآمد ثابت,ETF,نامشخص,true,امین نیکان آفاق,https://app.fundbase.ir/funds/%D8%B3%D8%AE%D9%86%D8%AF,12146,12146,12136.29096722622,,,12144,,,0.0164690382081778,5000000000000,0.08,,,,,,,83987,0,,,,,,,,,,,,,,
2026-09-30T16:48:46.267Z,fundbase:سرو,,سرو,صندوق سرو,سهامی عادی,سهامی,ETF,نامشخص,true,مشاور سرمایه گذاری ترنج,https://app.fundbase.ir/funds/%D8%B3%D8%B1%D9%88,45228,45228,43910.679611650485,,,45665,,,-0.9569692324537415,40000000000000,3,,,,,,,21155430,950000000000,,,,,,,,,,,,,,
2026-09-30T16:48:46.267Z,fundbase:سلام,,سلام,صندوق سلام,سهامی عادی,سهامی,ETF,نامشخص,true,سبدگردان فارابی,https://app.fundbase.ir/funds/%D8%B3%D9%84%D8%A7%D9%85,53288,53288,52115.40342298289,,,52478,,,1.5435039445100829,22000000000000,2.25,,,,,,,8105788,430000000000,,,,,,,,,,,,,,
2026-09-30T16:48:46.267Z,fundbase:سمان,,سمان,صندوق سمان,بخشی,بخشی,ETF,نامشخص,true,سبدگردان قلک,https://app.fundbase.ir/funds/%D8%B3%D9%85%D8%A7%D9%86,46001,46001,45015.167824640375,,,46535,,,-1.1475233695068199,12000000000000,2.19,,,,,,,656438,30000000000,,,,,,,,,,,,,,
2026-09-30T16:48:46.267Z,fundbase:سها,,سها,صندوق سها,سهامی عادی,سهامی,ETF,نامشخص,true,سبدگردان مروارید,https://app.fundbase.ir/funds/%D8%B3%D9%87%D8%A7,1469000,1469000,1451150.8446112813,,,1458329,,,0.7317278885628609,2000000000000,1.23,,,,,,,38,0,,,,,,,,,,,,,,
2026-09-30T16:48:46.267Z,fundbase:سورنافود,,سورنافود,صندوق سورنافود,بخشی,بخشی,ETF,نامشخص,true,سبدگردان سورنا,https://app.fundbase.ir/funds/%D8%B3%D9%88%D8%B1%D9%86%D8%A7%D9%81%D9%88%D8%AF,36121,36121,35068.93203883495,,,36260,,,-0.38334252619967035,10000000000000,3,,,,,,,3037548,110000000000,,,,,,,,,,,,,,
2026-09-30T16:48:46.267Z,fundbase:سیان,,سیان,صندوق سیان,نقره,طلا,,نامشخص,false,null,https://app.fundbase.ir/funds/%D8%B3%DB%8C%D8%A7%D9%86,10868,10868,10822.545309699264,,,10821,,,0.43434063395249023,3000000000000,0.42,,,,,,,10684671,120000000000,,,,,,,,,,,,,,
2026-09-30T16:48:46.267Z,fundbase:سیب,,سیب,صندوق سیب,جسورانه,جسورانه,ETF,نامشخص,true,null,https://app.fundbase.ir/funds/%D8%B3%DB%8C%D8%A8,300000,300000,300000,,,,,,,90000000000000,0,,,,,,,130,1300000000000,,,,,,,,,,,,,,
2026-09-30T16:48:46.267Z,fundbase:سیگلو,,سیگلو,صندوق سیگلو,نقره,طلا,ETF,نامشخص,true,null,https://app.fundbase.ir/funds/%D8%B3%DB%8C%DA%AF%D9%84%D9%88,13383,13383,13299.2149458412,,,13434,,,-0.37963376507369473,180000000000000,0.63,,,,,,,15979516,210000000000,,,,,,,,,,,,,,
2026-09-30T16:48:46.267Z,fundbase:سیلوا,,سیلوا,صندوق سیلوا,نقره,طلا,ETF,نامشخص,true,null,https://app.fundbase.ir/funds/%D8%B3%DB%8C%D9%84%D9%88%D8%A7,10524,10524,10471.641791044778,,,10583,,,-0.5574978739487868,180000000000000,0.5,,,,,,,91564141,970000000000,,,,,,,,,,,,,,
2026-09-30T16:48:46.267Z,fundbase:سیلور,,سیلور,صندوق سیلور,نقره,طلا,ETF,نامشخص,true,سبدگردان بازده,https://app.fundbase.ir/funds/%D8%B3%DB%8C%D9%84%D9%88%D8%B1,13596,13596,13406.961838083029,,,13634,,,-0.2787149772627284,69000000000000,1.41,,,,,,,183779402,2520000000000,,,,,,,,,,,,,,
2026-09-30T16:48:46.267Z,fundbase:سیمان,,سیمان,صندوق سیمان,بخشی,بخشی,ETF,نامشخص,true,null,https://app.fundbase.ir/funds/%D8%B3%DB%8C%D9%85%D8%A7%D9%86,11131,11131,10806.796116504855,,,11196,,,-0.5805644873169036,180000000000000,3,,,,,,,25400539,280000000000,,,,,,,,,,,,,,
2026-09-30T16:48:46.267Z,fundbase:سیمانا,,سیمانا,صندوق سیمانا,بخشی,بخشی,ETF,نامشخص,true,سبدگردان کاریزما,https://app.fundbase.ir/funds/%D8%B3%DB%8C%D9%85%D8%A7%D9%86%D8%A7,42452,42452,41215.53398058252,,,42243,,,0.49475652770873957,7000000000000,3,,,,,,,5640198,240000000000,,,,,,,,,,,,,,
2026-09-30T16:48:46.267Z,fundbase:سیمانو,,سیمانو,صندوق سیمانو,بخشی,بخشی,ETF,نامشخص,true,سبدگردان مفید,https://app.fundbase.ir/funds/%D8%B3%DB%8C%D9%85%D8%A7%D9%86%D9%88,44364,44364,43071.844660194176,,,44425,,,-0.13731007315700428,180000000000000,3,,,,,,,30852166,1370000000000,,,,,,,,,,,,,,
2026-09-30T16:48:46.267Z,fundbase:سیمانیا,,سیمانیا,صندوق سیمانیا,بخشی,بخشی,ETF,نامشخص,true,سبدگردان آرکا,https://app.fundbase.ir/funds/%D8%B3%DB%8C%D9%85%D8%A7%D9%86%DB%8C%D8%A7,42304,42304,41071.844660194176,,,42481,,,-0.41665685836020927,5000000000000,3,,,,,,,1241817,50000000000,,,,,,,,,,,,,,
2026-09-30T16:48:46.267Z,fundbase:سیمین,,سیمین,صندوق سیمین,نقره,طلا,ETF,نامشخص,true,سبدگردان هامرز,https://app.fundbase.ir/funds/%D8%B3%DB%8C%D9%85%DB%8C%D9%86,13255,13255,13095.238095238095,,,13377,,,-0.9120131569111178,78000000000000,1.22,,,,,,,306337642,4090000000000,,,,,,,,,,,,,,
2026-09-30T16:48:46.267Z,fundbase:سیناد,,سیناد,صندوق سیناد,درآمدثابت,درآمد ثابت,ETF,نامشخص,true,سبدگردان سینا,https://app.fundbase.ir/funds/%D8%B3%DB%8C%D9%86%D8%A7%D8%AF,27379,27379,27348.91619218859,,,27343,,,0.1316607541235415,46000000000000,0.11,,,,,,,18255934,500000000000,,,,,,,,,,,,,,
2026-09-30T16:48:46.267Z,fundbase:سینرژی,,سینرژی,صندوق سینرژی,کالایی,طلا,ETF,نامشخص,true,سبدگردان فارابی,https://app.fundbase.ir/funds/%D8%B3%DB%8C%D9%86%D8%B1%DA%98%DB%8C,71763,71763,70231.94362889019,,,68500,,,4.763503649635026,77000000000000,2.18,,,,,,,162698691,11720000000000,,,,,,,,,,,,,,
2026-09-30T16:48:46.267Z,fundbase:شتاب,,شتاب,صندوق شتاب,اهرمی‌,اهرمی,ETF,نامشخص,true,سبدگردان آگاه,https://app.fundbase.ir/funds/%D8%B4%D8%AA%D8%A7%D8%A8,54371,54371,52279.80769230769,,,69024,,,-21.228847936949467,120000000000000,4,,,,,,,34844929,1890000000000,,,,,,,,,,,,,,
2026-09-30T16:48:46.267Z,fundbase:شمیم,,شمیم,صندوق شمیم,درآمدثابت,درآمد ثابت,ETF,نامشخص,true,سبدگردان مهرگان,https://app.fundbase.ir/funds/%D8%B4%D9%85%DB%8C%D9%85,19250,19250,19223.087677251846,,,19333,,,-0.42931774685770474,116000000000000,0.14,,,,,,,35081972,680000000000,,,,,,,,,,,,,,
2026-09-30T16:48:46.267Z,fundbase:شیلد,,شیلد,صندوق شیلد,مختلط,مختلط,ETF,نامشخص,true,سبدگردان آبان,https://app.fundbase.ir/funds/%D8%B4%DB%8C%D9%84%D8%AF,19315,19315,19245.7154244719,,,19344,,,-0.14991728701405638,7000000000000,0.36,,,,,,,6235292,120000000000,,,,,,,,,,,,,,
2026-09-30T16:48:46.267Z,fundbase:صایند,,صایند,صندوق صایند,درآمدثابت,درآمد ثابت,ETF,نامشخص,true,کارگزاری بانک آینده,https://app.fundbase.ir/funds/%D8%B5%D8%A7%DB%8C%D9%86%D8%AF,31147,31147,31109.66839792249,,,31149,,,-0.006420751870039876,23000000000000,0.12,,,,,,,8848327,280000000000,,,,,,,,,,,,,,
2026-09-30T16:48:46.267Z,fundbase:صنم,,صنم,صندوق صنم,فراصندوق,مختلط,ETF,نامشخص,true,سبدگردان کاریزما,https://app.fundbase.ir/funds/%D8%B5%D9%86%D9%85,56785,56785,55131.06796116505,,,61471,,,-7.623106830863335,7000000000000,3,,,,,,,5638219,320000000000,,,,,,,,,,,,,,
2026-09-30T16:48:46.267Z,fundbase:صنهال,,صنهال,صندوق صنهال,درآمدثابت,درآمد ثابت,ETF,نامشخص,true,تامین سرمایه نوین,https://app.fundbase.ir/funds/%D8%B5%D9%86%D9%87%D8%A7%D9%84,25684,25684,25655.778643492155,,,25697,,,-0.05058956298400474,25000000000000,0.11,,,,,,,40883318,1050000000000,,,,,,,,,,,,,,
2026-09-30T16:48:46.267Z,fundbase:صنوین,,صنوین,صندوق صنوین,مختلط,مختلط,ETF,نامشخص,true,تامین سرمایه نوین,https://app.fundbase.ir/funds/%D8%B5%D9%86%D9%88%DB%8C%D9%86,612000,612000,595446.584938704,,,612070,,,-0.01143660038884775,7000000000000,2.78,,,,,,,11935,10000000000,,,,,,,,,,,,,,
2026-09-30T16:48:46.267Z,fundbase:ضمان,,ضمان,صندوق ضمان,تضمین سرمایه,سایر,ETF,نامشخص,true,سبدگردان کاریزما,https://app.fundbase.ir/funds/%D8%B6%D9%85%D8%A7%D9%86,48502,48502,48107.51834953382,,,49707,,,-2.4242058462590754,11000000000000,0.82,,,,,,,1457783,70000000000,,,,,,,,,,,,,,
2026-09-30T16:48:46.267Z,fundbase:طلا,,طلا,صندوق طلا,طلا,طلا,ETF,نامشخص,true,تامین سرمایه لوتوس پارسیان,https://app.fundbase.ir/funds/%D8%B7%D9%84%D8%A7,1701999,1701999,1668953.7164149832,,,1687422,,,0.8638621518505696,1268000000000000,1.98,,,,,,,8560539,14520000000000,,,,,,,,,,,,,,
2026-09-30T16:48:46.267Z,fundbase:عرش,,عرش,صندوق عرش,سهامی عادی,سهامی,ETF,نامشخص,true,سبدگردان میلاد شهر,https://app.fundbase.ir/funds/%D8%B9%D8%B1%D8%B4,29667,29667,28802.91262135922,,,29540,,,0.4299255247122602,4000000000000,3,,,,,,,53595,0,,,,,,,,,,,,,,
2026-09-30T16:48:46.267Z,fundbase:عقیق,,عقیق,صندوق عقیق,سهامی عادی,سهامی,ETF,نامشخص,true,مشاور سرمایه گذاری هدف حافظ,https://app.fundbase.ir/funds/%D8%B9%D9%82%DB%8C%D9%82,34905,34905,34254.170755642794,,,34738,,,0.4807415510392099,12000000000000,1.9,,,,,,,91166,0,,,,,,,,,,,,,,
2026-09-30T16:48:46.267Z,fundbase:عمارت دی,,عمارت دی,صندوق عمارت دی,املاک,املاک,ETF,نامشخص,true,سرمایه گذاری گروه مالی و اقتصادی دی,https://app.fundbase.ir/funds/%D8%B9%D9%85%D8%A7%D8%B1%D8%AA-%D8%AF%DB%8C,14335,14335,14329.268292682927,,,14985,,,-4.337671004337674,39000000000000,0.04,,,,,,,3688167,50000000000,,,,,,,,,,,,,,
2026-09-30T16:48:46.267Z,fundbase:عیار,,عیار,صندوق عیار,طلا,طلا,ETF,نامشخص,true,سبدگردان مفید,https://app.fundbase.ir/funds/%D8%B9%DB%8C%D8%A7%D8%B1,667969,667969,655514.229636899,,,649748,,,2.8043179817406116,3307000000000000,1.9,,,,,,,98263795,65400000000000,,,,,,,,,,,,,,
2026-09-30T16:48:46.267Z,fundbase:فارما کیان,,فارما کیان,صندوق فارما کیان,بخشی,بخشی,ETF,نامشخص,true,مشاور سرمایه گذاری پرتو آفتاب کیان,https://app.fundbase.ir/funds/%D9%81%D8%A7%D8%B1%D9%85%D8%A7-%DA%A9%DB%8C%D8%A7%D9%86,37299,37299,36212.6213592233,,,37057,,,0.6530480071241573,47000000000000,3,,,,,,,6341331,240000000000,,,,,,,,,,,,,,
2026-09-30T16:48:46.267Z,fundbase:فارمانی,,فارمانی,صندوق فارمانی,بخشی,بخشی,ETF,نامشخص,true,سبدگردان آرمان آتی,https://app.fundbase.ir/funds/%D9%81%D8%A7%D8%B1%D9%85%D8%A7%D9%86%DB%8C,35615,35615,34577.66990291262,,,34853,,,2.186325423923341,13000000000000,3,,,,,,,8930250,320000000000,,,,,,,,,,,,,,
2026-09-30T16:48:46.267Z,fundbase:فرا الگوریتم,,فرا الگوریتم,صندوق فرا الگوریتم,بخشی,بخشی,ETF,نامشخص,true,سبدگردان الگوریتم,https://app.fundbase.ir/funds/%D9%81%D8%B1%D8%A7-%D8%A7%D9%84%DA%AF%D9%88%D8%B1%DB%8C%D8%AA%D9%85,37000,37000,36203.52250489237,,,37087,,,-0.23458354679537496,12000000000000,2.2,,,,,,,6566987,240000000000,,,,,,,,,,,,,,
2026-09-30T16:48:46.267Z,fundbase:فراز,,فراز,صندوق فراز,سهامی عادی,سهامی,ETF,نامشخص,true,سبدگردان داریک پارس,https://app.fundbase.ir/funds/%D9%81%D8%B1%D8%A7%D8%B2,50493,50493,49973.27790973872,,,50808,,,-0.6199811053377413,3000000000000,1.04,,,,,,,413690,20000000000,,,,,,,,,,,,,,
2026-09-30T16:48:46.267Z,fundbase:فلزا,,فلزا,صندوق فلزا,بخشی,بخشی,ETF,نامشخص,true,سبد گردان پاداش سرمایه,https://app.fundbase.ir/funds/%D9%81%D9%84%D8%B2%D8%A7,33300,33300,32756.246311233524,,,33276,,,0.07212405337180261,180000000000000,1.66,,,,,,,2845934,90000000000,,,,,,,,,,,,,,
2026-09-30T16:48:46.267Z,fundbase:فلزفارابی,,فلزفارابی,صندوق فلزفارابی,بخشی,بخشی,ETF,نامشخص,true,سبدگردان فارابی,https://app.fundbase.ir/funds/%D9%81%D9%84%D8%B2%D9%81%D8%A7%D8%B1%D8%A7%D8%A8%DB%8C,39950,39950,39771.03036336486,,,39492,,,1.1597285526182555,8000000000000,0.45,,,,,,,614382,20000000000,,,,,,,,,,,,,,
2026-09-30T16:48:46.267Z,fundbase:فیروزه,,فیروزه,صندوق فیروزه,سهامی شاخصی,شاخصی,ETF,نامشخص,true,سبدگردان توسعه فیروزه,https://app.fundbase.ir/funds/%D9%81%DB%8C%D8%B1%D9%88%D8%B2%D9%87,38595,38595,38487.235739928205,,,39047,,,-1.1575793274771429,17000000000000,0.28,,,,,,,5622775,220000000000,,,,,,,,,,,,,,
2026-09-30T16:48:46.267Z,fundbase:قلک گلد,,قلک گلد,صندوق قلک گلد,طلا,طلا,ETF,نامشخص,true,سبدگردان قلک,https://app.fundbase.ir/funds/%D9%82%D9%84%DA%A9-%DA%AF%D9%84%D8%AF,13625,13625,13448.82045207778,,,13643,,,-0.13193579124826105,10000000000000,1.31,,,,,,,13419213,180000000000,,,,,,,,,,,,,,
2026-09-30T16:48:46.267Z,fundbase:قیراط,,قیراط,صندوق قیراط,طلا,طلا,ETF,نامشخص,true,تامین سرمایه دماوند,https://app.fundbase.ir/funds/%D9%82%DB%8C%D8%B1%D8%A7%D8%B7,42983,42983,42189.83117393011,,,42553,,,1.0105045472704521,42000000000000,1.88,,,,,,,140320233,6020000000000,,,,,,,,,,,,,,
2026-09-30T16:48:46.267Z,fundbase:کاخ,,کاخ,صندوق کاخ,املاک,املاک,ETF,نامشخص,true,سبد گردان کاریزما,https://app.fundbase.ir/funds/%DA%A9%D8%A7%D8%AE,12505,12505,12498.750624687656,,,13333,,,-6.210155253881345,9000000000000,0.05,,,,,,,26665507,330000000000,,,,,,,,,,,,,,
2026-09-30T16:48:46.267Z,fundbase:کاردان,,کاردان,صندوق کاردان,سهامی شاخصی,شاخصی,ETF,نامشخص,true,تامین سرمایه کاردان,https://app.fundbase.ir/funds/%DA%A9%D8%A7%D8%B1%D8%AF%D8%A7%D9%86,31300,31300,30950.26203895975,,,31504,,,-0.6475368207211729,17000000000000,1.13,,,,,,,4309434,130000000000,,,,,,,,,,,,,,
2026-09-30T16:48:46.267Z,fundbase:کاشانه,,کاشانه,صندوق کاشانه,املاک,املاک,ETF,نامشخص,true,تامین سرمایه خلیج فارس,https://app.fundbase.ir/funds/%DA%A9%D8%A7%D8%B4%D8%A7%D9%86%D9%87,12983,12983,12926.125049780965,,,15331,,,-15.315374078664146,5000000000000,0.44,,,,,,,4090815,50000000000,,,,,,,,,,,,,,
2026-09-30T16:48:46.267Z,fundbase:کلید,,کلید,صندوق کلید,املاک,املاک,ETF,نامشخص,true,سبدگردان آگاه,https://app.fundbase.ir/funds/%DA%A9%D9%84%DB%8C%D8%AF,16353,16353,16289.471062854866,,,17752,,,-7.880802163136547,8000000000000,0.39,,,,,,,35210250,580000000000,,,,,,,,,,,,,,
2026-09-30T16:48:46.267Z,fundbase:کمان,,کمان,صندوق کمان,خصوصی,جسورانه,,نامشخص,false,مشاور سرمایه گذاری کاریزما,https://app.fundbase.ir/funds/%DA%A9%D9%85%D8%A7%D9%86,520000,520000,520000,,,,,,,9000000000000,0,,,,,,,314720,180000000000,,,,,,,,,,,,,,
2026-09-30T16:48:46.267Z,fundbase:کمند,,کمند,صندوق کمند,درآمدثابت,درآمد ثابت,ETF,نامشخص,true,سبد گردان کاریزما,https://app.fundbase.ir/funds/%DA%A9%D9%85%D9%86%D8%AF,10162,10162,10145.766773162939,,,10164,,,-0.01967729240456295,85000000000000,0.16,,,,,,,129414681,1320000000000,,,,,,,,,,,,,,
2026-09-30T16:48:46.267Z,fundbase:کهربا,,کهربا,صندوق کهربا,طلا,طلا,ETF,نامشخص,true,سبد گردان کاریزما,https://app.fundbase.ir/funds/%DA%A9%D9%87%D8%B1%D8%A8%D8%A7,229987,229987,225920.43222003928,,,228468,,,0.6648633506661783,666000000000000,1.8,,,,,,,24321624,5580000000000,,,,,,,,,,,,,,
2026-09-30T16:48:46.267Z,fundbase:گارانتی,,گارانتی,صندوق گارانتی,تضمین سرمایه,سایر,ETF,نامشخص,true,تامین سرمایه دماوند,https://app.fundbase.ir/funds/%DA%AF%D8%A7%D8%B1%D8%A7%D9%86%D8%AA%DB%8C,25920,25920,25821.87686790197,,,26011,,,-0.3498519856983573,20000000000000,0.38,,,,,,,40450,0,,,,,,,,,,,,,,
2026-09-30T16:48:46.267Z,fundbase:گلدا,,گلدا,صندوق گلدا,طلا,طلا,ETF,نامشخص,true,سبد گردان پاداش سرمایه,https://app.fundbase.ir/funds/%DA%AF%D9%84%D8%AF%D8%A7,21359,21359,20919.686581782567,,,21435,,,-0.35456029857708904,62000000000000,2.1,,,,,,,137281762,2910000000000,,,,,,,,,,,,,,
2026-09-30T16:48:46.267Z,fundbase:گلدیس,,گلدیس,صندوق گلدیس,طلا,طلا,ETF,نامشخص,true,تامین سرمایه نوین,https://app.fundbase.ir/funds/%DA%AF%D9%84%D8%AF%DB%8C%D8%B3,46345,46345,45714.14480173604,,,46321,,,0.051812352928481964,37000000000000,1.38,,,,,,,1525471,70000000000,,,,,,,,,,,,,,
2026-09-30T16:48:46.267Z,fundbase:گنج,,گنج,صندوق گنج,طلا,طلا,ETF,نامشخص,true,تامین سرمایه کاردان,https://app.fundbase.ir/funds/%DA%AF%D9%86%D8%AC,206287,206287,202182.69136528473,,,204903,,,0.6754415503921418,424000000000000,2.03,,,,,,,37760092,7770000000000,,,,,,,,,,,,,,
2026-09-30T16:48:46.267Z,fundbase:لبخند,,لبخند,صندوق لبخند,درآمدثابت,درآمد ثابت,,نامشخص,false,سبدگردان فارابی,https://app.fundbase.ir/funds/%D9%84%D8%A8%D8%AE%D9%86%D8%AF,31033,31033,30961.78788785793,,,31000,,,0.10645161290323557,372000000000000,0.23,,,,,,,385140779,11940000000000,,,,,,,,,,,,,,
2026-09-30T16:48:46.267Z,fundbase:لذیذ,,لذیذ,صندوق لذیذ,بخشی,بخشی,ETF,نامشخص,true,سبدگردان سینا,https://app.fundbase.ir/funds/%D9%84%D8%B0%DB%8C%D8%B0,27974,27974,27159.223300970873,,,29191,,,-4.169093213661745,5000000000000,3,,,,,,,2532912,70000000000,,,,,,,,,,,,,,
2026-09-30T16:48:46.267Z,fundbase:لیان,,لیان,صندوق لیان,طلا,طلا,ETF,نامشخص,true,مشاور سرمایه گذاری معیار,https://app.fundbase.ir/funds/%D9%84%DB%8C%D8%A7%D9%86,43450,43450,43036.846275752774,,,43417,,,0.07600709399544492,53000000000000,0.96,,,,,,,11323073,490000000000,,,,,,,,,,,,,,
2026-09-30T16:48:46.267Z,fundbase:ماکان,,ماکان,صندوق ماکان,درآمدثابت,درآمد ثابت,ETF,نامشخص,true,سبد گردان نیکان,https://app.fundbase.ir/funds/%D9%85%D8%A7%DA%A9%D8%A7%D9%86,12549,12549,12484.082769598088,,,12484,,,0.5206664530599259,0,0.52,,,,,,,78199,0,,,,,,,,,,,,,,
2026-09-30T16:48:46.267Z,fundbase:مالک آتیه,,مالک آتیه,صندوق مالک آتیه,املاک,املاک,ETF,نامشخص,true,تامین سرمایه بانک مسکن,https://app.fundbase.ir/funds/%D9%85%D8%A7%D9%84%DA%A9-%D8%A2%D8%AA%DB%8C%D9%87,11808,11808,11741.075867554937,,,14079,,,-16.13040698913275,6000000000000,0.57,,,,,,,13171493,150000000000,,,,,,,,,,,,,,
2026-09-30T16:48:46.267Z,fundbase:مانا,,مانا,صندوق مانا,سهامی عادی,سهامی,ETF,نامشخص,true,سبدگردان الگوریتم,https://app.fundbase.ir/funds/%D9%85%D8%A7%D9%86%D8%A7,26671,26671,25896.688998931935,,,26474,,,0.7441263126086062,22000000000000,2.99,,,,,,,68569,0,,,,,,,,,,,,,,
2026-09-30T16:48:46.267Z,fundbase:متال,,متال,صندوق متال,بخشی,بخشی,ETF,نامشخص,true,سبد گردان کاریزما,https://app.fundbase.ir/funds/%D9%85%D8%AA%D8%A7%D9%84,39000,39000,38231.54592686991,,,40688,,,-4.14864333464412,19000000000000,2.01,,,,,,,1448059,60000000000,,,,,,,,,,,,,,
2026-09-30T16:48:46.267Z,fundbase:مثقال,,مثقال,صندوق مثقال,طلا,طلا,ETF,نامشخص,true,سبدگردان آگاه سهامی خاص,https://app.fundbase.ir/funds/%D9%85%D8%AB%D9%82%D8%A7%D9%84,192796,192796,189275.4761437267,,,190895,,,0.9958354068990705,525000000000000,1.86,,,,,,,44362359,8520000000000,,,,,,,,,,,,,,
2026-09-30T16:48:46.267Z,fundbase:مختلط,,مختلط,صندوق مختلط,مختلط,مختلط,ETF,نامشخص,true,سبد گردان کاریزما,https://app.fundbase.ir/funds/%D9%85%D8%AE%D8%AA%D9%84%D8%B7,49196,49196,49156.67466027179,,,52176,,,-5.711438209138297,20000000000000,0.08,,,,,,,33682491,1660000000000,,,,,,,,,,,,,,
2026-09-30T16:48:46.267Z,fundbase:مروارید,,مروارید,صندوق مروارید,سهامی عادی,سهامی,ETF,نامشخص,true,سبدگردان آتا,https://app.fundbase.ir/funds/%D9%85%D8%B1%D9%88%D8%A7%D8%B1%DB%8C%D8%AF,21350,21350,20972.495088408643,,,21427,,,-0.3593596863770032,2000000000000,1.8,,,,,,,582719,10000000000,,,,,,,,,,,,,,
2026-09-30T16:48:46.267Z,fundbase:مزه,,مزه,صندوق مزه,بخشی,بخشی,ETF,نامشخص,true,سبد گردان کاریزما,https://app.fundbase.ir/funds/%D9%85%D8%B2%D9%87,31780,31780,30938.47352024922,,,31641,,,0.43930343541607186,180000000000000,2.72,,,,,,,3596503,110000000000,,,,,,,,,,,,,,
2026-09-30T16:48:46.267Z,fundbase:مسگون,,مسگون,صندوق مسگون,بخشی,بخشی,ETF,نامشخص,true,سبدگردان توسعه فیروزه,https://app.fundbase.ir/funds/%D9%85%D8%B3%DA%AF%D9%88%D9%86,14486,14486,14179.71808927173,,,14580,,,-0.6447187928669385,180000000000000,2.16,,,,,,,30357564,430000000000,,,,,,,,,,,,,,
2026-09-30T16:48:46.267Z,fundbase:معدن,,معدن,صندوق معدن,بخشی,بخشی,ETF,نامشخص,true,سبدگردان مفید,https://app.fundbase.ir/funds/%D9%85%D8%B9%D8%AF%D9%86,22152,22152,21506.796116504855,,,21850,,,1.3821510297482797,180000000000000,3,,,,,,,75321773,1660000000000,,,,,,,,,,,,,,
2026-09-30T16:48:46.267Z,fundbase:مهرگلد,,مهرگلد,صندوق مهرگلد,طلا,طلا,,نامشخص,false,سبدگردان مهرگان,https://app.fundbase.ir/funds/%D9%85%D9%87%D8%B1%DA%AF%D9%84%D8%AF,13238,13238,12992.442830503485,,,13268,,,-0.2261079288513712,13000000000000,1.89,,,,,,,65731791,860000000000,,,,,,,,,,,,,,
2026-09-30T16:48:46.267Z,fundbase:موج,,موج,صندوق موج,اهرمی‌,اهرمی,ETF,نامشخص,true,سبدگردان توسعه فیروزه,https://app.fundbase.ir/funds/%D9%85%D9%88%D8%AC,83466,83466,81517.72634046293,,,105124,,,-20.602336288573497,299000000000000,2.39,,,,,,,229762001,19040000000000,,,,,,,,,,,,,,
2026-09-30T16:48:46.267Z,fundbase:میراث,,میراث,صندوق میراث,طلا,طلا,ETF,نامشخص,true,سبدگردان کوروش,https://app.fundbase.ir/funds/%D9%85%DB%8C%D8%B1%D8%A7%D8%AB,14446,14446,14327.08519289894,,,14405,,,0.28462339465462616,22000000000000,0.83,,,,,,,126792285,1830000000000,,,,,,,,,,,,,,
2026-09-30T16:48:46.267Z,fundbase:ناب,,ناب,صندوق ناب,طلا,طلا,,نامشخص,true,سبد گردان امید نهایت نگر,https://app.fundbase.ir/funds/%D9%86%D8%A7%D8%A8,82297,82297,81192.77821625887,,,81460,,,1.0274981586054555,148000000000000,1.36,,,,,,,7160141,590000000000,,,,,,,,,,,,,,
2026-09-30T16:48:46.267Z,fundbase:نارنج اهرم,,نارنج اهرم,صندوق نارنج اهرم,اهرمی‌,اهرمی,ETF,نامشخص,true,مشاور سرمایه گذاری ترنج,https://app.fundbase.ir/funds/%D9%86%D8%A7%D8%B1%D9%86%D8%AC-%D8%A7%D9%87%D8%B1%D9%85,62878,62878,60459.61538461538,,,76249,,,-17.535967684822097,125000000000000,4,,,,,,,9779113,610000000000,,,,,,,,,,,,,,
2026-09-30T16:48:46.267Z,fundbase:نارین,,نارین,صندوق نارین,سهامی عادی,سهامی,ETF,نامشخص,true,سبدگردان آتیه توکا,https://app.fundbase.ir/funds/%D9%86%D8%A7%D8%B1%DB%8C%D9%86,29633,29633,29169.209567870854,,,29577,,,0.18933630861819317,8000000000000,1.59,,,,,,,35611935,1060000000000,,,,,,,,,,,,,,
2026-09-30T16:48:46.267Z,fundbase:ناوگان,,ناوگان,صندوق ناوگان,بخشی,بخشی,ETF,نامشخص,true,سبد گردان نو ویرا,https://app.fundbase.ir/funds/%D9%86%D8%A7%D9%88%DA%AF%D8%A7%D9%86,16110,16110,16065.017949740728,,,16128,,,-0.11160714285713969,4000000000000,0.28,,,,,,,1133434,20000000000,,,,,,,,,,,,,,
2026-09-30T16:48:46.267Z,fundbase:نبات,,نبات,صندوق نبات,بخشی,بخشی,ETF,نامشخص,true,سبدگردان دارایی دانایان,https://app.fundbase.ir/funds/%D9%86%D8%A8%D8%A7%D8%AA,19730,19730,19706.35237714742,,,20098,,,-1.8310279629813908,5000000000000,0.12,,,,,,,2557027,50000000000,,,,,,,,,,,,,,
2026-09-30T16:48:46.267Z,fundbase:نخل,,نخل,صندوق نخل,درآمدثابت,درآمد ثابت,ETF,نامشخص,true,تامین سرمایه خلیج فارس,https://app.fundbase.ir/funds/%D9%86%D8%AE%D9%84,10047,10047,10033.955857385397,,,10053,,,-0.059683676514477035,52000000000000,0.13,,,,,,,34520995,350000000000,,,,,,,,,,,,,,
2026-09-30T16:48:46.267Z,fundbase:نشان,,نشان,صندوق نشان,درآمدثابت,درآمد ثابت,ETF,نامشخص,true,سبدگردان هامرز,https://app.fundbase.ir/funds/%D9%86%D8%B4%D8%A7%D9%86,32091,32091,32087.791220877913,,,32077,,,0.04364497926863109,50000000000000,0.01,,,,,,,50863261,1630000000000,,,,,,,,,,,,,,
2026-09-30T16:48:46.267Z,fundbase:نفتوداریوش,,نفتوداریوش,صندوق نفتوداریوش,بخشی,بخشی,ETF,نامشخص,true,null,https://app.fundbase.ir/funds/%D9%86%D9%81%D8%AA%D9%88%D8%AF%D8%A7%D8%B1%DB%8C%D9%88%D8%B4,19235,19235,18698.35714980072,,,19209,,,0.13535321984485815,180000000000000,2.87,,,,,,,2619737,50000000000,,,,,,,,,,,,,,
2026-09-30T16:48:46.267Z,fundbase:نفیس,,نفیس,صندوق نفیس,طلا,طلا,ETF,نامشخص,true,سبدگردان اندیشه صبا,https://app.fundbase.ir/funds/%D9%86%D9%81%DB%8C%D8%B3,140992,140992,139928.54307264788,,,140188,,,0.5735155648129764,92000000000000,0.76,,,,,,,5300451,740000000000,,,,,,,,,,,,,,
2026-09-30T16:48:46.267Z,fundbase:نقرآمد,,نقرآمد,صندوق نقرآمد,نقره,طلا,ETF,نامشخص,true,null,https://app.fundbase.ir/funds/%D9%86%D9%82%D8%B1%D8%A2%D9%85%D8%AF,10221,10221,10103.79596678529,,,10223,,,-0.019563728846716533,180000000000000,1.16,,,,,,,25463511,260000000000,,,,,,,,,,,,,,
2026-09-30T16:48:46.267Z,fundbase:نقرابی,,نقرابی,صندوق نقرابی,نقره,طلا,ETF,نامشخص,true,null,https://app.fundbase.ir/funds/%D9%86%D9%82%D8%B1%D8%A7%D8%A8%DB%8C,13400,13400,13172.12228447852,,,13270,,,0.9796533534287777,180000000000000,1.73,,,,,,,405194306,5410000000000,,,,,,,,,,,,,,
2026-09-30T16:48:46.267Z,fundbase:نقراط,,نقراط,صندوق نقراط,نقره,طلا,ETF,نامشخص,true,null,https://app.fundbase.ir/funds/%D9%86%D9%82%D8%B1%D8%A7%D8%B7,12712,12712,12593.619972260749,,,12594,,,0.9369541051294172,180000000000000,0.94,,,,,,,24455565,310000000000,,,,,,,,,,,,,,
2026-09-30T16:48:46.267Z,fundbase:نقران,,نقران,صندوق نقران,نقره,طلا,ETF,نامشخص,true,null,https://app.fundbase.ir/funds/%D9%86%D9%82%D8%B1%D8%A7%D9%86,12578,12578,12434.997528423133,,,12451,,,1.0199983937033252,180000000000000,1.15,,,,,,,99272500,1250000000000,,,,,,,,,,,,,,
2026-09-30T16:48:46.267Z,fundbase:نقرسا,,نقرسا,صندوق نقرسا,نقره,طلا,ETF,نامشخص,true,null,https://app.fundbase.ir/funds/%D9%86%D9%82%D8%B1%D8%B3%D8%A7,10069,10069,9957.476265822785,,,10032,,,0.36881977671452404,180000000000000,1.12,,,,,,,24408174,240000000000,,,,,,,,,,,,,,
2026-09-30T16:48:46.267Z,fundbase:نقرفام,,نقرفام,صندوق نقرفام,نقره,طلا,ETF,نامشخص,true,null,https://app.fundbase.ir/funds/%D9%86%D9%82%D8%B1%D9%81%D8%A7%D9%85,9402,9402,9293.268755559948,,,9339,,,0.6745904272406067,180000000000000,1.17,,,,,,,19262555,180000000000,,,,,,,,,,,,,,
2026-09-30T16:48:46.267Z,fundbase:نقرین,,نقرین,صندوق نقرین,نقره,طلا,ETF,نامشخص,true,null,https://app.fundbase.ir/funds/%D9%86%D9%82%D8%B1%DB%8C%D9%86,10577,10577,10456.74740484429,,,10568,,,0.08516275548826613,180000000000000,1.15,,,,,,,152802608,1620000000000,,,,,,,,,,,,,,
2026-09-30T16:48:46.267Z,fundbase:نگین فارس,,نگین فارس,صندوق نگین فارس,طلا,طلا,ETF,نامشخص,true,تامین سرمایه خلیج فارس,https://app.fundbase.ir/funds/%D9%86%DA%AF%DB%8C%D9%86-%D9%81%D8%A7%D8%B1%D8%B3,18040,18040,17815.52439265258,,,18108,,,-0.3755246299977921,25000000000000,1.26,,,,,,,14280421,260000000000,,,,,,,,,,,,,,
2026-09-30T16:48:46.267Z,fundbase:نمک,,نمک,صندوق نمک,بخشی,بخشی,ETF,نامشخص,true,سبدگردان توسعه فیروزه,https://app.fundbase.ir/funds/%D9%86%D9%85%DA%A9,38472,38472,37351.45631067961,,,38393,,,0.20576667621701183,180000000000000,3,,,,,,,3843834,150000000000,,,,,,,,,,,,,,
2026-09-30T16:48:46.267Z,fundbase:نهال,,نهال,صندوق نهال,کالایی,طلا,ETF,نامشخص,true,سبدگردان نوویرا,https://app.fundbase.ir/funds/%D9%86%D9%87%D8%A7%D9%84,76961,76961,76176.38325249926,,,71385,,,7.811164810534432,30000000000000,1.03,,,,,,,15559798,1210000000000,,,,,,,,,,,,,,
2026-09-30T16:48:46.267Z,fundbase:نوآور,,نوآور,صندوق نوآور,خصوصی,جسورانه,,نامشخص,false,مشاور سرمایه گذاری فراز ایده نوآفرین تک,https://app.fundbase.ir/funds/%D9%86%D9%88%D8%A2%D9%88%D8%B1,761740,761740,761740,,,,,,,1000000000000,0,,,,,,,0.1,,,,,,,,,,,,,,,
2026-09-30T16:48:46.267Z,fundbase:نوید,,نوید,صندوق نوید,درآمدثابت,درآمد ثابت,ETF,نامشخص,true,null,https://app.fundbase.ir/funds/%D9%86%D9%88%DB%8C%D8%AF,10151,10151,10134.784345047923,,,10150,,,0.009852216748762466,4000000000000,0.16,,,,,,,28531559,290000000000,,,,,,,,,,,,,,
2026-09-30T16:48:46.267Z,fundbase:نیروانا,,نیروانا,صندوق نیروانا,بخشی,بخشی,ETF,نامشخص,true,سبدگردان قلک,https://app.fundbase.ir/funds/%D9%86%DB%8C%D8%B1%D9%88%D8%A7%D9%86%D8%A7,16260,16260,15882.008204727485,,,16477,,,-1.3169873156521184,90000000000000,2.38,,,,,,,518045,10000000000,,,,,,,,,,,,,,
2026-09-30T16:48:46.267Z,fundbase:نیک گستر,,نیک گستر,صندوق نیک گستر,درآمدثابت,درآمد ثابت,ETF,نامشخص,true,مشاور سرمایه گذاری نیکی گستر,https://app.fundbase.ir/funds/%D9%86%DB%8C%DA%A9-%DA%AF%D8%B3%D8%AA%D8%B1,12459,12459,12445.31015882529,,,12456,,,0.02408477842004153,7000000000000,0.11,,,,,,,4898781,60000000000,,,,,,,,,,,,,,
2026-09-30T16:48:46.267Z,fundbase:نیلی,,نیلی,صندوق نیلی,درآمدثابت,درآمد ثابت,ETF,نامشخص,true,تامین سرمایه دماوند,https://app.fundbase.ir/funds/%D9%86%DB%8C%D9%84%DB%8C,10181,10181,10168.797443068317,,,10169,,,0.1180057036090032,70000000000000,0.12,,,,,,,8790281,90000000000,,,,,,,,,,,,,,
2026-09-30T16:48:46.267Z,fundbase:هامرز,,هامرز,صندوق هامرز,درآمدثابت,درآمد ثابت,ETF,نامشخص,true,سبدگردان هامرز,https://app.fundbase.ir/funds/%D9%87%D8%A7%D9%85%D8%B1%D8%B2,10178,10178,10165.801038753494,,,10183,,,-0.04910144358244439,11000000000000,0.12,,,,,,,2345704,20000000000,,,,,,,,,,,,,,
2026-09-30T16:48:46.267Z,fundbase:هامون,,هامون,صندوق هامون,سهامی عادی,سهامی,ETF,نامشخص,true,سبد گردان هامون ایرانیان,https://app.fundbase.ir/funds/%D9%87%D8%A7%D9%85%D9%88%D9%86,30400,30400,29543.245869776485,,,29984,,,1.387406616862319,19000000000000,2.9,,,,,,,36739026,1110000000000,,,,,,,,,,,,,,
2026-09-30T16:48:46.267Z,fundbase:هدف,,هدف,صندوق هدف,درآمدثابت,درآمد ثابت,ETF,نامشخص,true,سبد گردان هدف,https://app.fundbase.ir/funds/%D9%87%D8%AF%D9%81,15804,15804,15783.48147408369,,,15452,,,2.278022262490298,2000000000000,0.13,,,,,,,157579,0,,,,,,,,,,,,,,
2026-09-30T16:48:46.267Z,fundbase:هم ارز,,هم ارز,صندوق هم ارز,سهامی عادی,سهامی,ETF,نامشخص,true,سبدگردان جام جم,https://app.fundbase.ir/funds/%D9%87%D9%85-%D8%A7%D8%B1%D8%B2,18736,18736,18190.29126213592,,,19531,,,-4.070452101786904,3000000000000,3,,,,,,,2524220,50000000000,,,,,,,,,,,,,,
2026-09-30T16:48:46.267Z,fundbase:هم تراز,,هم تراز,صندوق هم تراز,سهامی شاخصی,شاخصی,ETF,نامشخص,true,سبد گردان کاریزما,https://app.fundbase.ir/funds/%D9%87%D9%85-%D8%AA%D8%B1%D8%A7%D8%B2,27451,27451,26651.456310679612,,,28300,,,-3.0000000000000027,10000000000000,3,,,,,,,39674297,1090000000000,,,,,,,,,,,,,,
2026-09-30T16:48:46.267Z,fundbase:هم وزن,,هم وزن,صندوق هم وزن,سهامی شاخصی,شاخصی,ETF,نامشخص,true,مشاور سرمایه گذاری پرتو آفتاب کیان,https://app.fundbase.ir/funds/%D9%87%D9%85-%D9%88%D8%B2%D9%86,44393,44393,43100,,,44232,,,0.36398987158619,20000000000000,3,,,,,,,2539422,110000000000,,,,,,,,,,,,,,
2026-09-30T16:48:46.267Z,fundbase:همای,,همای,صندوق همای,درآمدثابت,درآمد ثابت,ETF,نامشخص,true,سبدگردان آگاه,https://app.fundbase.ir/funds/%D9%87%D9%85%D8%A7%DB%8C,10058,10058,10033.91859537111,,,10033,,,0.24917771354528995,100000000000000,0.24,,,,,,,94131025,950000000000,,,,,,,,,,,,,,
2026-09-30T16:48:46.267Z,fundbase:همتا,,همتا,صندوق همتا,سهامی عادی,سهامی,ETF,نامشخص,true,سبدگردان قلک,https://app.fundbase.ir/funds/%D9%87%D9%85%D8%AA%D8%A7,21579,21579,20968.80769604509,,,21405,,,0.8128941836019532,2000000000000,2.91,,,,,,,593442,10000000000,,,,,,,,,,,,,,
2026-09-30T16:48:46.267Z,fundbase:همسنگ,,همسنگ,صندوق همسنگ,سهامی شاخصی,شاخصی,ETF,نامشخص,true,سبدگردان مفید,https://app.fundbase.ir/funds/%D9%87%D9%85%D8%B3%D9%86%DA%AF,20825,20825,20224.337185588036,,,20735,,,0.4340487099107726,25000000000000,2.97,,,,,,,20391769,420000000000,,,,,,,,,,,,,,
2026-09-30T16:48:46.267Z,fundbase:همگام,,همگام,صندوق همگام,درآمدثابت,درآمد ثابت,ETF,نامشخص,true,سبدگردان آشنا,https://app.fundbase.ir/funds/%D9%87%D9%85%DA%AF%D8%A7%D9%85,12514,12514,12497.752921202436,,,12440,,,0.5948553054662353,6000000000000,0.13,,,,,,,4957749,60000000000,,,,,,,,,,,,,,
2026-09-30T16:48:46.267Z,fundbase:همیان,,همیان,صندوق همیان,طلا,طلا,ETF,نامشخص,true,تامین سرمایه سپهر,https://app.fundbase.ir/funds/%D9%87%D9%85%DB%8C%D8%A7%D9%86,21131,21131,20944.593121221133,,,21142,,,-0.05202913631633388,11000000000000,0.89,,,,,,,37568000,790000000000,,,,,,,,,,,,,,
2026-09-30T16:48:46.267Z,fundbase:هوشمند,,هوشمند,صندوق هوشمند,سهامی شاخصی,شاخصی,ETF,نامشخص,true,سبدگردان هوشمند رابین,https://app.fundbase.ir/funds/%D9%87%D9%88%D8%B4%D9%85%D9%86%D8%AF,19000,19000,18890.435474249352,,,19585,,,-2.9869798315037,1000000000000,0.58,,,,,,,0.1,,,,,,,,,,,,,,,
2026-09-30T16:48:46.267Z,fundbase:هوشیار,,هوشیار,صندوق هوشیار,سهامی عادی,سهامی,ETF,نامشخص,true,سبدگردان تصمیم,https://app.fundbase.ir/funds/%D9%87%D9%88%D8%B4%DB%8C%D8%A7%D8%B1,23137,23137,22748.009045324947,,,23056,,,0.35131852879943803,0,1.71,,,,,,,52902,0,,,,,,,,,,,,,,
2026-09-30T16:48:46.267Z,fundbase:هومان,,هومان,صندوق هومان,سهامی عادی,سهامی,ETF,نامشخص,true,تامین سرمایه بانک مسکن,https://app.fundbase.ir/funds/%D9%87%D9%88%D9%85%D8%A7%D9%86,32899,32899,32676.797775129126,,,33303,,,-1.213103924571357,7000000000000,0.68,,,,,,,23244,0,,,,,,,,,,,,,,
2026-09-30T16:48:46.267Z,fundbase:هیبرید,,هیبرید,صندوق هیبرید,مختلط,مختلط,ETF,نامشخص,true,سبد گردان آسمان,https://app.fundbase.ir/funds/%D9%87%DB%8C%D8%A8%D8%B1%DB%8C%D8%AF,23104,23104,23069.395906140788,,,24469,,,-5.578487065266257,5000000000000,0.15,,,,,,,2438286,60000000000,,,,,,,,,,,,,,
2026-09-30T16:48:46.267Z,fundbase:هیوا,,هیوا,صندوق هیوا,سهامی عادی,سهامی,ETF,نامشخص,true,سبدگردان هیوا,https://app.fundbase.ir/funds/%D9%87%DB%8C%D9%88%D8%A7,54620,54620,54084.562828002774,,,54085,,,0.9891836923361375,7000000000000,0.99,,,,,,,11472647,620000000000,,,,,,,,,,,,,,
2026-09-30T16:48:46.267Z,fundbase:وبازار,,وبازار,صندوق وبازار,سهامی شاخصی,شاخصی,ETF,نامشخص,true,سبدگردان آشنا,https://app.fundbase.ir/funds/%D9%88%D8%A8%D8%A7%D8%B2%D8%A7%D8%B1,58536,58536,56831.06796116505,,,59054,,,-0.877163274291326,3000000000000,3,,,,,,,86097,0,,,,,,,,,,,,,,
2026-09-30T16:48:46.267Z,fundbase:ولتاژ,,ولتاژ,صندوق ولتاژ,بخشی,بخشی,ETF,نامشخص,true,سبدگردان گندم,https://app.fundbase.ir/funds/%D9%88%D9%84%D8%AA%D8%A7%DA%98,18789,18789,18478.560188827698,,,18996,,,-1.0897030953885056,4000000000000,1.68,,,,,,,1685708,30000000000,,,,,,,,,,,,,,
2026-09-30T16:48:46.267Z,fundbase:ونچر,,ونچر,صندوق ونچر,جسورانه,جسورانه,ETF,نامشخص,true,سبدگردان توسعه فیروزه,https://app.fundbase.ir/funds/%D9%88%D9%86%DA%86%D8%B1,1514000,1514000,1514000,,,,,,,1000000000000,0,,,,,,,0.1,,,,,,,,,,,,,,,
2026-09-30T16:48:46.267Z,fundbase:ویستا,,ویستا,صندوق ویستا,سهامی عادی,سهامی,ETF,نامشخص,true,سبد گردان ویستا,https://app.fundbase.ir/funds/%D9%88%DB%8C%D8%B3%D8%AA%D8%A7,58249,58249,56645.92045123019,,,57712,,,0.9304823953423913,1000000000000,2.83,,,,,,,130024,10000000000,,,,,,,,,,,,,,
2026-09-30T16:48:46.267Z,fundbase:ویسرو,,ویسرو,صندوق ویسرو,جسورانه,جسورانه,,نامشخص,false,null,https://app.fundbase.ir/funds/%D9%88%DB%8C%D8%B3%D8%B1%D9%88,1324399,1324399,1324399,,,,,,,90000000000000,0,,,,,,,,,,,,,,,,,,,,,,
2026-09-30T16:48:46.267Z,fundbase:یارا,,یارا,صندوق یارا,درآمدثابت,درآمد ثابت,ETF,نامشخص,true,سبدگردان آریا,https://app.fundbase.ir/funds/%DB%8C%D8%A7%D8%B1%D8%A7,35774,35774,35731.122652816615,,,36204,,,-1.1877140647442275,36000000000000,0.12,,,,,,,12647129,450000000000,,,,,,,,,,,,,,
2026-09-30T16:48:46.267Z,fundbase:یاس,,یاس,صندوق یاس,نقره,طلا,ETF,نامشخص,true,null,https://app.fundbase.ir/funds/%DB%8C%D8%A7%D8%B3,10730,10730,10608.007909045971,,,10649,,,0.7606348013897923,180000000000000,1.15,,,,,,,39177326,420000000000,,,,,,,,,,,,,,
2026-09-30T16:48:46.267Z,fundbase:یاقوت,,یاقوت,صندوق یاقوت,درآمدثابت,درآمد ثابت,ETF,نامشخص,true,سبدگردان آگاه,https://app.fundbase.ir/funds/%DB%8C%D8%A7%D9%82%D9%88%D8%AA,47245,47245,47183.66124038749,,,47245,,,0,661000000000000,0.13,,,,,,,693592903,32770000000000,,,,,,,,,,,,,,
2026-09-30T16:48:46.267Z,fundbase:یکم,,یکم,صندوق یکم,سهامی عادی,سهامی,ETF,نامشخص,true,سبد گردان اطلس,https://app.fundbase.ir/funds/%DB%8C%DA%A9%D9%85,16450,16450,16206.89655172414,,,16496,,,-0.27885548011639116,2000000000000,1.5,,,,,,,13887143,230000000000,,,,,,,,,,,,,,
2026-09-30T16:48:46.267Z,fundbase:یلدا,,یلدا,صندوق یلدا,سهامی عادی,سهامی,ETF,نامشخص,true,سبدگردان آرمان آتی,https://app.fundbase.ir/funds/%DB%8C%D9%84%D8%AF%D8%A7,31250,31250,30797.279984231795,,,31574,,,-1.0261607651865456,4000000000000,1.47,,,,,,,36366,0,,,,,,,,,,,,,,
2026-09-30T16:48:46.267Z,fundbase:یوتیلیتی,,یوتیلیتی,صندوق یوتیلیتی,بخشی,بخشی,ETF,نامشخص,true,مشاور سرمایه گذاری پرتو آفتاب کیان,https://app.fundbase.ir/funds/%DB%8C%D9%88%D8%AA%DB%8C%D9%84%DB%8C%D8%AA%DB%8C,10911,10911,10594.232449752402,,,10931,,,-0.18296587686396082,180000000000000,2.99,,,,,,,15506283,170000000000,,,,,,,,,,,,,,
